,antecedants,consequents,antecedent support,consequent support,support,confidence,lift,leverage,conviction
0,frozenset(['Resist Anti-Aging Clear Skin Hydrator - 60 ml']),frozenset(['Skin Balancing Pore-Reducing Toner - 190 ml']),0.0296093393335,0.0485227939738,0.00202178308224,0.068281938326,1.40721365639,0.000585055210063,1.02120721403
1,frozenset(['Skin Balancing Pore-Reducing Toner - 190 ml']),frozenset(['Resist Anti-Aging Clear Skin Hydrator - 60 ml']),0.0485227939738,0.0296093393335,0.00202178308224,0.0416666666667,1.40721365639,0.000585055210063,1.01258155896
2,frozenset(['Skin Balancing Ultra-Sheer Daily Defense SPF 30 - 60 ml']),frozenset(['Skin Balancing Invisible Finish Moisture Gel - 60 ml']),0.0118046044479,0.0336529054979,0.0014348138003,0.121546961326,3.61178208917,0.00103755456237,1.10005549751
3,frozenset(['Skin Balancing Invisible Finish Moisture Gel - 60 ml']),frozenset(['Skin Balancing Ultra-Sheer Daily Defense SPF 30 - 60 ml']),0.0336529054979,0.0118046044479,0.0014348138003,0.0426356589147,3.61178208917,0.00103755456237,1.03220409738
4,frozenset(['Resist Weightless Body Lotion 2% BHA (Salicylic Acid) - 210 ml']),frozenset(['Resist Daily Pore-Refining Treatment 2% BHA (Salicylic Acid) - 88 ml']),0.0269353681602,0.0525011413292,0.00156525141851,0.0581113801453,1.10685936866,0.000151113847979,1.0059563718
5,frozenset(['Resist Daily Pore-Refining Treatment 2% BHA (Salicylic Acid) - 88 ml']),frozenset(['Resist Weightless Body Lotion 2% BHA (Salicylic Acid) - 210 ml']),0.0525011413292,0.0269353681602,0.00156525141851,0.0298136645963,1.10685936866,0.000151113847979,1.00296674601
6,frozenset(['Resist Weightless Advanced Repairing Toner - 118 ml']),frozenset(['Skin Balancing Invisible Finish Moisture Gel - 60 ml']),0.035544250962,0.0336529054979,0.00163047022761,0.045871559633,1.3630787284,0.000434302908995,1.01280608943
7,frozenset(['Skin Balancing Invisible Finish Moisture Gel - 60 ml']),frozenset(['Resist Weightless Advanced Repairing Toner - 118 ml']),0.0336529054979,0.035544250962,0.00163047022761,0.0484496124031,1.3630787284,0.000434302908995,1.01356245724
8,frozenset(['Resist Whitening Essence - 30 ml']),frozenset(['Resist Hyaluronic Acid Booster - 20 ml']),0.0193047674949,0.0208700189135,0.00123915737299,0.0641891891892,3.07566511824,0.000836266510247,1.04629052131
9,frozenset(['Resist Hyaluronic Acid Booster - 20 ml']),frozenset(['Resist Whitening Essence - 30 ml']),0.0208700189135,0.0193047674949,0.00123915737299,0.059375,3.07566511824,0.000836266510247,1.04259958273
10,frozenset(['Skin Perfecting 2% BHA (Salicylic Acid) Liquid Exfoliator - 118 ml']),frozenset(['Skin Balancing Pore-Reducing Toner - 190 ml']),0.0301310898063,0.0485227939738,0.00189134546403,0.0627705627706,1.29363042871,0.000429300801155,1.01520200735
11,frozenset(['Skin Balancing Pore-Reducing Toner - 190 ml']),frozenset(['Skin Perfecting 2% BHA (Salicylic Acid) Liquid Exfoliator - 118 ml']),0.0485227939738,0.0301310898063,0.00189134546403,0.0389784946237,1.29363042871,0.000429300801155,1.00920625061
12,frozenset(['Skin Perfecting 2% BHA (Salicylic Acid) Liquid - 118 ml']),frozenset(['Skin Balancing Invisible Finish Moisture Gel - 60 ml']),0.0895454249005,0.0336529054979,0.00345659688254,0.0386016023307,1.14705110181,0.00044313316059,1.00514739451
13,frozenset(['Skin Balancing Invisible Finish Moisture Gel - 60 ml']),frozenset(['Skin Perfecting 2% BHA (Salicylic Acid) Liquid - 118 ml']),0.0336529054979,0.0895454249005,0.00345659688254,0.102713178295,1.14705110181,0.00044313316059,1.01467507722
14,frozenset(['Resist Weightless Advanced Repairing Toner - 118 ml']),frozenset(['Resist Daily Pore-Refining Treatment 2% BHA (Salicylic Acid) - 88 ml']),0.035544250962,0.0525011413292,0.00528272353747,0.148623853211,2.83086899538,0.00341660979427,1.11290275426
15,frozenset(['Resist Daily Pore-Refining Treatment 2% BHA (Salicylic Acid) - 88 ml']),frozenset(['Resist Weightless Advanced Repairing Toner - 118 ml']),0.0525011413292,0.035544250962,0.00528272353747,0.100621118012,2.83086899538,0.00341660979427,1.07235756626
16,frozenset(['Resist Whitening Essence - 30 ml']),frozenset(['Skin Balancing Pore-Reducing Toner - 190 ml']),0.0193047674949,0.0485227939738,0.00123915737299,0.0641891891892,1.32286671752,0.000302436117117,1.0167409855
17,frozenset(['Skin Balancing Pore-Reducing Toner - 190 ml']),frozenset(['Resist Whitening Essence - 30 ml']),0.0485227939738,0.0193047674949,0.00123915737299,0.0255376344086,1.32286671752,0.000302436117117,1.00639621101
18,frozenset(['Resist Weightless Body Lotion 2% BHA (Salicylic Acid) - 210 ml']),frozenset(['Resist Skin Revealing Body Lotion 10% AHA (Glycolic Acid) - 210 ml']),0.0269353681602,0.0168916715581,0.00202178308224,0.0750605326877,4.44364149691,0.00156679968998,1.0628893708
19,frozenset(['Resist Skin Revealing Body Lotion 10% AHA (Glycolic Acid) - 210 ml']),frozenset(['Resist Weightless Body Lotion 2% BHA (Salicylic Acid) - 210 ml']),0.0168916715581,0.0269353681602,0.00202178308224,0.119691119691,4.44364149691,0.00156679968998,1.10536727915
20,frozenset(['Skin Perfecting 8% AHA (Glycolic Acid) Gel - 100 ml']),frozenset(['Resist Daily Pore-Refining Treatment 2% BHA (Salicylic Acid) - 88 ml']),0.0153264201396,0.0525011413292,0.00104350094567,0.068085106383,1.29683097661,0.000238846395855,1.01672251958
21,frozenset(['Resist Daily Pore-Refining Treatment 2% BHA (Salicylic Acid) - 88 ml']),frozenset(['Skin Perfecting 8% AHA (Glycolic Acid) Gel - 100 ml']),0.0525011413292,0.0153264201396,0.00104350094567,0.0198757763975,1.29683097661,0.000238846395855,1.0046416119
22,frozenset(['Resist Super-Light Daily Wrinkle Defense SPF 30 - 60 ml']),frozenset(['Resist Anti-Aging Clear Skin Hydrator - 60 ml']),0.0329354985978,0.0296093393335,0.00215222070045,0.0653465346535,2.20695686309,0.00117702234635,1.03823577042
23,frozenset(['Resist Anti-Aging Clear Skin Hydrator - 60 ml']),frozenset(['Resist Super-Light Daily Wrinkle Defense SPF 30 - 60 ml']),0.0296093393335,0.0329354985978,0.00215222070045,0.0726872246696,2.20695686309,0.00117702234635,1.04286765709
24,frozenset(['Resist Weightless Advanced Repairing Toner - 118 ml']),frozenset(['Resist Anti-Aging Clear Skin Hydrator - 60 ml']),0.035544250962,0.0296093393335,0.00384790973717,0.108256880734,3.6561734632,0.00279546794908,1.0881952882
25,frozenset(['Resist Anti-Aging Clear Skin Hydrator - 60 ml']),frozenset(['Resist Weightless Advanced Repairing Toner - 118 ml']),0.0296093393335,0.035544250962,0.00384790973717,0.129955947137,3.6561734632,0.00279546794908,1.10851369636
26,frozenset(['Resist C15 Super Booster - 20 ml']),frozenset(['Resist Intensive Wrinkle-Repair Retinol Serum - 30 ml']),0.0560881758299,0.0158481706124,0.00117393856388,0.0209302325581,1.32067183463,0.000285043583991,1.0051907046
27,frozenset(['Resist Intensive Wrinkle-Repair Retinol Serum - 30 ml']),frozenset(['Resist C15 Super Booster - 20 ml']),0.0158481706124,0.0560881758299,0.00117393856388,0.0740740740741,1.32067183463,0.000285043583991,1.0194247701
28,frozenset(['Calm Sensitive Daytime Moisturizer SPF 30 (Normal / Dry) - 60 ml']),frozenset(['Calm Sensitive Nighttime Moisturizer (Normal / Dry) - 60 ml']),0.00489141068284,0.00502184830105,0.00104350094567,0.213333333333,42.481038961,0.00101893702325,1.26480273521
29,frozenset(['Calm Sensitive Nighttime Moisturizer (Normal / Dry) - 60 ml']),frozenset(['Calm Sensitive Daytime Moisturizer SPF 30 (Normal / Dry) - 60 ml']),0.00502184830105,0.00489141068284,0.00104350094567,0.207792207792,42.481038961,0.00101893702325,1.25612067832
30,frozenset(['Resist Super-Light Daily Wrinkle Defense SPF 30 - 60 ml']),frozenset(['Resist Hyaluronic Acid Booster - 20 ml']),0.0329354985978,0.0208700189135,0.00104350094567,0.0316831683168,1.51811881188,0.000356136467013,1.01116695388
31,frozenset(['Resist Hyaluronic Acid Booster - 20 ml']),frozenset(['Resist Super-Light Daily Wrinkle Defense SPF 30 - 60 ml']),0.0208700189135,0.0329354985978,0.00104350094567,0.05,1.51811881188,0.000356136467013,1.01796263305
32,frozenset(['Resist Daily Pore-Refining Treatment 2% BHA (Salicylic Acid) - 30 ml']),frozenset(['Resist Perfectly Balanced Foaming Cleanser - 190 ml']),0.0198265179678,0.0304571838518,0.00104350094567,0.0526315789474,1.72805139186,0.000439641042787,1.02340630593
33,frozenset(['Resist Perfectly Balanced Foaming Cleanser - 190 ml']),frozenset(['Resist Daily Pore-Refining Treatment 2% BHA (Salicylic Acid) - 30 ml']),0.0304571838518,0.0198265179678,0.00104350094567,0.03426124197,1.72805139186,0.000439641042787,1.01494682064
34,frozenset(['Resist C15 Super Booster - 20 ml']),frozenset(['Resist Skin Revealing Body Lotion 10% AHA (Glycolic Acid) - 210 ml']),0.0560881758299,0.0168916715581,0.00123915737299,0.0220930232558,1.30792403699,0.000291734328576,1.00531886143
35,frozenset(['Resist Skin Revealing Body Lotion 10% AHA (Glycolic Acid) - 210 ml']),frozenset(['Resist C15 Super Booster - 20 ml']),0.0168916715581,0.0560881758299,0.00123915737299,0.0733590733591,1.30792403699,0.000291734328576,1.01863817692
36,frozenset(['Resist Perfectly Balanced Foaming Cleanser - 190 ml']),frozenset(['Resist Youth-Extending Daily Hydrating Fluid SPF 50 - 60 ml']),0.0304571838518,0.0197612991587,0.00221743950955,0.0728051391863,3.68422838001,0.00161556598793,1.05720894525
37,frozenset(['Resist Youth-Extending Daily Hydrating Fluid SPF 50 - 60 ml']),frozenset(['Resist Perfectly Balanced Foaming Cleanser - 190 ml']),0.0197612991587,0.0304571838518,0.00221743950955,0.112211221122,3.68422838001,0.00161556598793,1.09208726131
38,frozenset(['Resist Hyaluronic Acid Booster - 20 ml']),frozenset(['Resist Daily Pore-Refining Treatment 2% BHA (Salicylic Acid) - 88 ml']),0.0208700189135,0.0525011413292,0.00156525141851,0.075,1.42854037267,0.000469551605992,1.02432309045
39,frozenset(['Resist Daily Pore-Refining Treatment 2% BHA (Salicylic Acid) - 88 ml']),frozenset(['Resist Hyaluronic Acid Booster - 20 ml']),0.0525011413292,0.0208700189135,0.00156525141851,0.0298136645963,1.42854037267,0.000469551605992,1.00921848243
40,frozenset(['Resist Advanced Replenishing Toner - 118 ml']),frozenset(['Resist Optimal Results Hydrating Cleanser - 190 ml']),0.0181308289311,0.0148698884758,0.00234787712776,0.129496402878,8.70863309353,0.00207827372358,1.13167839258
41,frozenset(['Resist Optimal Results Hydrating Cleanser - 190 ml']),frozenset(['Resist Advanced Replenishing Toner - 118 ml']),0.0148698884758,0.0181308289311,0.00234787712776,0.157894736842,8.70863309353,0.00207827372358,1.16596964064
42,frozenset(['Resist 1% Retinol Booster - 15 ml']),frozenset(['Resist Hyaluronic Acid Booster - 20 ml']),0.018065610122,0.0208700189135,0.0015000326094,0.0830324909747,3.97855370036,0.00112300298448,1.06779135733
43,frozenset(['Resist Hyaluronic Acid Booster - 20 ml']),frozenset(['Resist 1% Retinol Booster - 15 ml']),0.0208700189135,0.018065610122,0.0015000326094,0.071875,3.97855370036,0.00112300298448,1.05797644701
44,frozenset(['Resist 10% Niacinamide Booster - 20 ml']),frozenset(['Resist Ultra-Light Super Antioxidant Concentrate Serum with Hyaluronic Acid - 30 ml']),0.0488488880193,0.0121306984934,0.00123915737299,0.0253671562083,2.09115379646,0.000646586240684,1.01358096826
45,frozenset(['Resist Ultra-Light Super Antioxidant Concentrate Serum with Hyaluronic Acid - 30 ml']),frozenset(['Resist 10% Niacinamide Booster - 20 ml']),0.0121306984934,0.0488488880193,0.00123915737299,0.102150537634,2.09115379646,0.000646586240684,1.05936590915
46,frozenset(['Resist 1% Retinol Booster - 15 ml']),frozenset(['Resist C15 Super Booster - 20 ml']),0.018065610122,0.0560881758299,0.00182612665493,0.101083032491,1.80221643859,0.000812859537932,1.05005451926
47,frozenset(['Resist C15 Super Booster - 20 ml']),frozenset(['Resist 1% Retinol Booster - 15 ml']),0.0560881758299,0.018065610122,0.00182612665493,0.0325581395349,1.80221643859,0.000812859537932,1.01498025877
48,frozenset(['Skin Perfecting 2% BHA (Salicylic Acid) Gel - 100 ml']),frozenset(['Skin Perfecting 8% AHA (Glycolic Acid) Gel - 100 ml']),0.022435270332,0.0153264201396,0.0014348138003,0.0639534883721,4.1727610094,0.00109096142125,1.05194941451
49,frozenset(['Skin Perfecting 8% AHA (Glycolic Acid) Gel - 100 ml']),frozenset(['Skin Perfecting 2% BHA (Salicylic Acid) Gel - 100 ml']),0.0153264201396,0.022435270332,0.0014348138003,0.0936170212766,4.1727610094,0.00109096142125,1.07853385668
50,frozenset(['Resist Skin Restoring Moisturizer SPF 50 - 60ml']),frozenset(['Resist Optimal Results Hydrating Cleanser - 190 ml']),0.00554359877389,0.0148698884758,0.00110871975478,0.2,13.45,0.00102628705925,1.23141263941
51,frozenset(['Resist Optimal Results Hydrating Cleanser - 190 ml']),frozenset(['Resist Skin Restoring Moisturizer SPF 50 - 60ml']),0.0148698884758,0.00554359877389,0.00110871975478,0.0745614035088,13.45,0.00102628705925,1.07457848095
52,frozenset(['Resist Intensive Wrinkle-Repair Retinol Serum - 30 ml']),frozenset(['Resist Daily Smoothing Treatment 5% AHA (Glycolic Acid) - 50 ml']),0.0158481706124,0.0119350420661,0.00104350094567,0.0658436213992,5.51683195035,0.000854352362742,1.05770830299
53,frozenset(['Resist Daily Smoothing Treatment 5% AHA (Glycolic Acid) - 50 ml']),frozenset(['Resist Intensive Wrinkle-Repair Retinol Serum - 30 ml']),0.0119350420661,0.0158481706124,0.00104350094567,0.0874316939891,5.51683195035,0.000854352362742,1.07844182502
54,frozenset(['Skin Balancing Ultra-Sheer Daily Defense SPF 30 - 60 ml']),frozenset(['Resist Weightless Advanced Repairing Toner - 118 ml']),0.0118046044479,0.035544250962,0.00104350094567,0.0883977900552,2.48697855948,0.000623915122669,1.05797873076
55,frozenset(['Resist Weightless Advanced Repairing Toner - 118 ml']),frozenset(['Skin Balancing Ultra-Sheer Daily Defense SPF 30 - 60 ml']),0.035544250962,0.0118046044479,0.00104350094567,0.0293577981651,2.48697855948,0.000623915122669,1.01808410317
56,frozenset(['Resist Advanced Replenishing Toner - 118 ml']),frozenset(['Resist Daily Pore-Refining Treatment 2% BHA (Salicylic Acid) - 88 ml']),0.0181308289311,0.0525011413292,0.00130437618209,0.0719424460432,1.37030251575,0.000352486969966,1.0209483826
57,frozenset(['Resist Daily Pore-Refining Treatment 2% BHA (Salicylic Acid) - 88 ml']),frozenset(['Resist Advanced Replenishing Toner - 118 ml']),0.0525011413292,0.0181308289311,0.00130437618209,0.0248447204969,1.37030251575,0.000352486969966,1.00688494613
58,frozenset(['Clear Acne Face Wash - 177 ml']),frozenset(['Clear Acne Extra Strength Cream 5 BP - 67 ml']),0.0400443487902,0.00841322637449,0.0014348138003,0.0358306188925,4.25884402697,0.00109791162891,1.0284362821
59,frozenset(['Clear Acne Extra Strength Cream 5 BP - 67 ml']),frozenset(['Clear Acne Face Wash - 177 ml']),0.00841322637449,0.0400443487902,0.0014348138003,0.170542635659,4.25884402697,0.00109791162891,1.15732971034
60,frozenset(['Skin Perfecting 2% BHA (Salicylic Acid) Liquid - 118 ml']),frozenset(['Skin Balancing Pore-Reducing Toner - 190 ml']),0.0895454249005,0.0485227939738,0.00586969281941,0.0655498907502,1.35090924042,0.00152469861567,1.0182215151
61,frozenset(['Skin Balancing Pore-Reducing Toner - 190 ml']),frozenset(['Skin Perfecting 2% BHA (Salicylic Acid) Liquid - 118 ml']),0.0485227939738,0.0895454249005,0.00586969281941,0.120967741935,1.35090924042,0.00152469861567,1.0357464891
62,frozenset(['Skin Balancing Ultra-Sheer Daily Defense SPF 30 - 60 ml']),frozenset(['Skin Perfecting 2% BHA (Salicylic Acid) Liquid - 118 ml']),0.0118046044479,0.0895454249005,0.00130437618209,0.110497237569,1.23397971132,0.000247327861019,1.02355452232
63,frozenset(['Skin Perfecting 2% BHA (Salicylic Acid) Liquid - 118 ml']),frozenset(['Skin Balancing Ultra-Sheer Daily Defense SPF 30 - 60 ml']),0.0895454249005,0.0118046044479,0.00130437618209,0.0145666423889,1.23397971132,0.000247327861019,1.00280286629
64,frozenset(['Resist Super-Light Daily Wrinkle Defense SPF 30 - 60 ml']),frozenset(['Resist Daily Pore-Refining Treatment 2% BHA (Salicylic Acid) - 88 ml']),0.0329354985978,0.0525011413292,0.0028044087915,0.0851485148515,1.62184121518,0.00107525752487,1.03568598188
65,frozenset(['Resist Daily Pore-Refining Treatment 2% BHA (Salicylic Acid) - 88 ml']),frozenset(['Resist Super-Light Daily Wrinkle Defense SPF 30 - 60 ml']),0.0525011413292,0.0329354985978,0.0028044087915,0.0534161490683,1.62184121518,0.00107525752487,1.02163638271
66,frozenset(['Clear Acne Extra Strength Exfoliating Treatment 2% BHA (Salicylic Acid) - 118 ml']),frozenset(['Resist Weightless Advanced Repairing Toner - 118 ml']),0.0236092088958,0.035544250962,0.00117393856388,0.0497237569061,1.39892543971,0.000334766917874,1.01492145684
67,frozenset(['Resist Weightless Advanced Repairing Toner - 118 ml']),frozenset(['Clear Acne Extra Strength Exfoliating Treatment 2% BHA (Salicylic Acid) - 118 ml']),0.035544250962,0.0236092088958,0.00117393856388,0.0330275229358,1.39892543971,0.000334766917874,1.00974000219
68,frozenset(['Resist C15 Super Booster - 20 ml']),frozenset(['Resist Hyaluronic Acid Booster - 20 ml']),0.0560881758299,0.0208700189135,0.0028696276006,0.0511627906977,2.45149709302,0.00169906631021,1.03192620556
69,frozenset(['Resist Hyaluronic Acid Booster - 20 ml']),frozenset(['Resist C15 Super Booster - 20 ml']),0.0208700189135,0.0560881758299,0.0028696276006,0.1375,2.45149709302,0.00169906631021,1.09439052078
70,frozenset(['Skin Recovery Replenishing Moisturizer - 60 ml']),frozenset(['Skin Recovery Daily Moisturizing Lotion SPF 30 - 60 ml']),0.0120654796843,0.00795669471075,0.00123915737299,0.102702702703,12.9077093487,0.0011431560346,1.10559043059
71,frozenset(['Skin Recovery Daily Moisturizing Lotion SPF 30 - 60 ml']),frozenset(['Skin Recovery Replenishing Moisturizer - 60 ml']),0.00795669471075,0.0120654796843,0.00123915737299,0.155737704918,12.9077093487,0.0011431560346,1.17017486872
72,frozenset(['Resist Youth-Extending Daily Hydrating Fluid SPF 50 - 60 ml']),frozenset(['Resist Daily Pore-Refining Treatment 2% BHA (Salicylic Acid) - 88 ml']),0.0197612991587,0.0525011413292,0.00215222070045,0.108910891089,2.07444806592,0.00111472994047,1.06330427473
73,frozenset(['Resist Daily Pore-Refining Treatment 2% BHA (Salicylic Acid) - 88 ml']),frozenset(['Resist Youth-Extending Daily Hydrating Fluid SPF 50 - 60 ml']),0.0525011413292,0.0197612991587,0.00215222070045,0.0409937888199,2.07444806592,0.00111472994047,1.02214009608
74,frozenset(['Resist 10% Niacinamide Booster - 20 ml']),frozenset(['Resist Anti-Aging Eye Cream']),0.0488488880193,0.0165003587035,0.00208700189135,0.0427236315087,2.58925471116,0.00128097771676,1.02739362808
75,frozenset(['Resist Anti-Aging Eye Cream']),frozenset(['Resist 10% Niacinamide Booster - 20 ml']),0.0165003587035,0.0488488880193,0.00208700189135,0.126482213439,2.58925471116,0.00128097771676,1.08887434991
76,frozenset(['Resist 10% Niacinamide Booster - 20 ml']),frozenset(['Resist Advanced Replenishing Toner - 118 ml']),0.0488488880193,0.0181308289311,0.00110871975478,0.022696929239,1.25184178425,0.000223048922627,1.00467214362
77,frozenset(['Resist Advanced Replenishing Toner - 118 ml']),frozenset(['Resist 10% Niacinamide Booster - 20 ml']),0.0181308289311,0.0488488880193,0.00110871975478,0.0611510791367,1.25184178425,0.000223048922627,1.01310348326
78,frozenset(['Skin Perfecting 2% BHA (Salicylic Acid) Gel - 100 ml']),frozenset(['Skin Balancing Pore-Reducing Toner - 190 ml']),0.022435270332,0.0485227939738,0.00130437618209,0.0581395348837,1.19819017254,0.000215754182027,1.01021036689
79,frozenset(['Skin Balancing Pore-Reducing Toner - 190 ml']),frozenset(['Skin Perfecting 2% BHA (Salicylic Acid) Gel - 100 ml']),0.0485227939738,0.022435270332,0.00130437618209,0.0268817204301,1.19819017254,0.000215754182027,1.00456928021
80,frozenset(['Resist 1% Retinol Booster - 15 ml']),frozenset(['Resist 10% Niacinamide Booster - 20 ml']),0.018065610122,0.0488488880193,0.00260875236418,0.14440433213,2.95614369099,0.00172626739833,1.11168294523
81,frozenset(['Resist 10% Niacinamide Booster - 20 ml']),frozenset(['Resist 1% Retinol Booster - 15 ml']),0.0488488880193,0.018065610122,0.00260875236418,0.0534045393858,2.95614369099,0.00172626739833,1.03733266293
82,frozenset(['Resist Weightless Advanced Repairing Toner - 118 ml']),frozenset(['Resist Perfectly Balanced Foaming Cleanser - 190 ml']),0.035544250962,0.0304571838518,0.00586969281941,0.165137614679,5.421959413,0.00478711503298,1.16132051605
83,frozenset(['Resist Perfectly Balanced Foaming Cleanser - 190 ml']),frozenset(['Resist Weightless Advanced Repairing Toner - 118 ml']),0.0304571838518,0.035544250962,0.00586969281941,0.192719486081,5.421959413,0.00478711503298,1.19469717454
84,frozenset(['Skin Perfecting 2% BHA (Salicylic Acid) Liquid - 118 ml']),frozenset(['Resist Weightless Advanced Repairing Toner - 118 ml']),0.0895454249005,0.035544250962,0.00339137807344,0.0378732702112,1.06552449936,0.000208553018275,1.00242069904
85,frozenset(['Resist Weightless Advanced Repairing Toner - 118 ml']),frozenset(['Skin Perfecting 2% BHA (Salicylic Acid) Liquid - 118 ml']),0.035544250962,0.0895454249005,0.00339137807344,0.0954128440367,1.06552449936,0.000208553018275,1.00648629499
86,frozenset(['Resist BHA 9 (Salicylic Acid) - 8.4 ml']),frozenset(['Resist Weekly Retexturizing Foaming Treatment 4% BHA (Salicylic Acid) - 44 ml']),0.0220439574773,0.00815235113807,0.00104350094567,0.0473372781065,5.80657988166,0.000863790863845,1.04113200408
87,frozenset(['Resist Weekly Retexturizing Foaming Treatment 4% BHA (Salicylic Acid) - 44 ml']),frozenset(['Resist BHA 9 (Salicylic Acid) - 8.4 ml']),0.00815235113807,0.0220439574773,0.00104350094567,0.128,5.80657988166,0.000863790863845,1.12150922308
88,frozenset(['Resist Retinol Skin-Smoothing Body Treatment - 118 ml']),frozenset(['Resist Skin Revealing Body Lotion 10% AHA (Glycolic Acid) - 210 ml']),0.00534794234657,0.0168916715581,0.00110871975478,0.207317073171,12.2733308221,0.00101838406915,1.24022896819
89,frozenset(['Resist Skin Revealing Body Lotion 10% AHA (Glycolic Acid) - 210 ml']),frozenset(['Resist Retinol Skin-Smoothing Body Treatment - 118 ml']),0.0168916715581,0.00534794234657,0.00110871975478,0.0656370656371,12.2733308221,0.00101838406915,1.06452430964
90,"frozenset(['Resist Weightless Advanced Repairing Toner - 118 ml', 'Resist Perfectly Balanced Foaming Cleanser - 190 ml'])",frozenset(['Resist Daily Pore-Refining Treatment 2% BHA (Salicylic Acid) - 88 ml']),0.00586969281941,0.0525011413292,0.00163047022761,0.277777777778,5.29089026915,0.00132230465534,1.31192149662
91,"frozenset(['Resist Weightless Advanced Repairing Toner - 118 ml', 'Resist Daily Pore-Refining Treatment 2% BHA (Salicylic Acid) - 88 ml'])",frozenset(['Resist Perfectly Balanced Foaming Cleanser - 190 ml']),0.00528272353747,0.0304571838518,0.00163047022761,0.308641975309,10.1336347054,0.00146957334559,1.4023744305
92,"frozenset(['Resist Perfectly Balanced Foaming Cleanser - 190 ml', 'Resist Daily Pore-Refining Treatment 2% BHA (Salicylic Acid) - 88 ml'])",frozenset(['Resist Weightless Advanced Repairing Toner - 118 ml']),0.00371747211896,0.035544250962,0.00163047022761,0.438596491228,12.3394495413,0.00149833546567,1.71793680297
93,frozenset(['Resist Weightless Advanced Repairing Toner - 118 ml']),"frozenset(['Resist Perfectly Balanced Foaming Cleanser - 190 ml', 'Resist Daily Pore-Refining Treatment 2% BHA (Salicylic Acid) - 88 ml'])",0.035544250962,0.00371747211896,0.00163047022761,0.045871559633,12.3394495413,0.00149833546567,1.04418072634
94,frozenset(['Resist Perfectly Balanced Foaming Cleanser - 190 ml']),"frozenset(['Resist Weightless Advanced Repairing Toner - 118 ml', 'Resist Daily Pore-Refining Treatment 2% BHA (Salicylic Acid) - 88 ml'])",0.0304571838518,0.00528272353747,0.00163047022761,0.0535331905782,10.1336347054,0.00146957334559,1.05097956586
95,frozenset(['Resist Daily Pore-Refining Treatment 2% BHA (Salicylic Acid) - 88 ml']),"frozenset(['Resist Weightless Advanced Repairing Toner - 118 ml', 'Resist Perfectly Balanced Foaming Cleanser - 190 ml'])",0.0525011413292,0.00586969281941,0.00163047022761,0.0310559006211,5.29089026915,0.00132230465534,1.02599345805
96,frozenset(['Skin Perfecting 8% AHA (Glycolic Acid) Gel - 30 ml']),frozenset(['Skin Perfecting 2% BHA (Salicylic Acid) Liquid - 30 ml']),0.00743494423792,0.0241309593687,0.00130437618209,0.175438596491,7.27027027027,0.00112496384478,1.1835007514
97,frozenset(['Skin Perfecting 2% BHA (Salicylic Acid) Liquid - 30 ml']),frozenset(['Skin Perfecting 8% AHA (Glycolic Acid) Gel - 30 ml']),0.0241309593687,0.00743494423792,0.00130437618209,0.0540540540541,7.27027027027,0.00112496384478,1.04928305895
98,frozenset(['Resist Intensive Repair Cream with Retinol - 50 ml']),frozenset(['Resist Optimal Results Hydrating Cleanser - 190 ml']),0.00991325898389,0.0148698884758,0.00117393856388,0.118421052632,7.96381578947,0.00102652950836,1.11746102203
99,frozenset(['Resist Optimal Results Hydrating Cleanser - 190 ml']),frozenset(['Resist Intensive Repair Cream with Retinol - 50 ml']),0.0148698884758,0.00991325898389,0.00117393856388,0.0789473684211,7.96381578947,0.00102652950836,1.07495131882
100,frozenset(['Skin Balancing Oil-Reducing Cleanser - 237 ml']),frozenset(['Skin Balancing Pore-Reducing Toner - 190 ml']),0.0140872627666,0.0485227939738,0.00228265831866,0.162037037037,3.33940038829,0.00159910496978,1.13546451106
101,frozenset(['Skin Balancing Pore-Reducing Toner - 190 ml']),frozenset(['Skin Balancing Oil-Reducing Cleanser - 237 ml']),0.0485227939738,0.0140872627666,0.00228265831866,0.0470430107527,3.33940038829,0.00159910496978,1.03458261848
102,frozenset(['Resist Ultra-Light Super Antioxidant Concentrate Serum - 30 ml']),frozenset(['Skin Perfecting 2% BHA (Salicylic Acid) Liquid - 118 ml']),0.0157829518033,0.0895454249005,0.0015000326094,0.095041322314,1.06137552443,8.67414839933e-05,1.00607309212
103,frozenset(['Skin Perfecting 2% BHA (Salicylic Acid) Liquid - 118 ml']),frozenset(['Resist Ultra-Light Super Antioxidant Concentrate Serum - 30 ml']),0.0895454249005,0.0157829518033,0.0015000326094,0.0167516387473,1.06137552443,8.67414839933e-05,1.0009851905
104,frozenset(['Resist Anti-Aging Eye Cream']),frozenset(['Resist Daily Pore-Refining Treatment 2% BHA (Salicylic Acid) - 88 ml']),0.0165003587035,0.0525011413292,0.0014348138003,0.0869565217391,1.65627869295,0.000568526136028,1.03773684521
105,frozenset(['Resist Daily Pore-Refining Treatment 2% BHA (Salicylic Acid) - 88 ml']),frozenset(['Resist Anti-Aging Eye Cream']),0.0525011413292,0.0165003587035,0.0014348138003,0.0273291925466,1.65627869295,0.000568526136028,1.01113309227
106,frozenset(['Resist 1% Retinol Booster - 15 ml']),frozenset(['Resist Daily Pore-Refining Treatment 2% BHA (Salicylic Acid) - 88 ml']),0.018065610122,0.0525011413292,0.00104350094567,0.057761732852,1.10019956499,9.50357954623e-05,1.00558307989
107,frozenset(['Resist Daily Pore-Refining Treatment 2% BHA (Salicylic Acid) - 88 ml']),frozenset(['Resist 1% Retinol Booster - 15 ml']),0.0525011413292,0.018065610122,0.00104350094567,0.0198757763975,1.10019956499,9.50357954623e-05,1.00184687434
108,frozenset(['Resist Whitening Essence - 30 ml']),frozenset(['Resist Daily Pore-Refining Treatment 2% BHA (Salicylic Acid) - 88 ml']),0.0193047674949,0.0525011413292,0.00163047022761,0.0844594594595,1.60871663589,0.000616947901035,1.03490650246
109,frozenset(['Resist Daily Pore-Refining Treatment 2% BHA (Salicylic Acid) - 88 ml']),frozenset(['Resist Whitening Essence - 30 ml']),0.0525011413292,0.0193047674949,0.00163047022761,0.0310559006211,1.60871663589,0.000616947901035,1.01212777201
110,frozenset(['Resist Ultra-Light Super Antioxidant Concentrate Serum - 30 ml']),frozenset(['Resist Weightless Advanced Repairing Toner - 118 ml']),0.0157829518033,0.035544250962,0.00195656427314,0.123966942149,3.48767912654,0.00139557107332,1.10093533617
111,frozenset(['Resist Weightless Advanced Repairing Toner - 118 ml']),frozenset(['Resist Ultra-Light Super Antioxidant Concentrate Serum - 30 ml']),0.035544250962,0.0157829518033,0.00195656427314,0.0550458715596,3.48767912654,0.00139557107332,1.04155008013
112,frozenset(['Resist Super-Light Daily Wrinkle Defense SPF 30 - 60 ml']),frozenset(['Resist Ultra-Light Super Antioxidant Concentrate Serum - 30 ml']),0.0329354985978,0.0157829518033,0.0015000326094,0.0455445544554,2.88568038622,0.000980213222418,1.03118176211
113,frozenset(['Resist Ultra-Light Super Antioxidant Concentrate Serum - 30 ml']),frozenset(['Resist Super-Light Daily Wrinkle Defense SPF 30 - 60 ml']),0.0157829518033,0.0329354985978,0.0015000326094,0.095041322314,2.88568038622,0.000980213222418,1.06862835315
114,frozenset(['Resist Perfectly Balanced Foaming Cleanser - 190 ml']),frozenset(['Skin Balancing Invisible Finish Moisture Gel - 60 ml']),0.0304571838518,0.0336529054979,0.00123915737299,0.0406852248394,1.20896618694,0.000214184643087,1.00733056503
115,frozenset(['Skin Balancing Invisible Finish Moisture Gel - 60 ml']),frozenset(['Resist Perfectly Balanced Foaming Cleanser - 190 ml']),0.0336529054979,0.0304571838518,0.00123915737299,0.0368217054264,1.20896618694,0.000214184643087,1.00660783326
116,frozenset(['Skin Balancing Oil-Reducing Cleanser - 237 ml']),frozenset(['Skin Balancing Invisible Finish Moisture Gel - 60 ml']),0.0140872627666,0.0336529054979,0.00163047022761,0.115740740741,3.43924956934,0.00115639290501,1.0928323163
117,frozenset(['Skin Balancing Invisible Finish Moisture Gel - 60 ml']),frozenset(['Skin Balancing Oil-Reducing Cleanser - 237 ml']),0.0336529054979,0.0140872627666,0.00163047022761,0.0484496124031,3.43924956934,0.00115639290501,1.03611196011
118,frozenset(['Resist Anti-Aging Clear Skin Hydrator - 60 ml']),frozenset(['Resist Youth-Extending Daily Hydrating Fluid SPF 50 - 60 ml']),0.0296093393335,0.0197612991587,0.00195656427314,0.0660792951542,3.34387403498,0.00137144526068,1.04959521269
119,frozenset(['Resist Youth-Extending Daily Hydrating Fluid SPF 50 - 60 ml']),frozenset(['Resist Anti-Aging Clear Skin Hydrator - 60 ml']),0.0197612991587,0.0296093393335,0.00195656427314,0.0990099009901,3.34387403498,0.00137144526068,1.077026997
120,frozenset(['Resist 10% Niacinamide Booster - 20 ml']),frozenset(['Resist Barrier Repair Moisturizer with Retinol - 50 ml']),0.0488488880193,0.0179351725038,0.00104350094567,0.0213618157543,1.19105716713,0.00016738771243,1.00350144037
121,frozenset(['Resist Barrier Repair Moisturizer with Retinol - 50 ml']),frozenset(['Resist 10% Niacinamide Booster - 20 ml']),0.0179351725038,0.0488488880193,0.00104350094567,0.0581818181818,1.19105716713,0.00016738771243,1.00990948183
122,frozenset(['Resist C15 Super Booster - 20 ml']),frozenset(['Resist Ultra-Light Super Antioxidant Concentrate Serum with Hyaluronic Acid - 30 ml']),0.0560881758299,0.0121306984934,0.00130437618209,0.0232558139535,1.91710427607,0.000623987432051,1.01138999916
123,frozenset(['Resist Ultra-Light Super Antioxidant Concentrate Serum with Hyaluronic Acid - 30 ml']),frozenset(['Resist C15 Super Booster - 20 ml']),0.0121306984934,0.0560881758299,0.00130437618209,0.10752688172,1.91710427607,0.000623987432051,1.05763614034
124,frozenset(['Skin Balancing Oil-Reducing Cleanser - 473 ml']),frozenset(['Skin Balancing Invisible Finish Moisture Gel - 60 ml']),0.0183917041675,0.0336529054979,0.00110871975478,0.0602836879433,1.79133679697,0.000489785472483,1.02833917226
125,frozenset(['Skin Balancing Invisible Finish Moisture Gel - 60 ml']),frozenset(['Skin Balancing Oil-Reducing Cleanser - 473 ml']),0.0336529054979,0.0183917041675,0.00110871975478,0.0329457364341,1.79133679697,0.000489785472483,1.01504986102
126,frozenset(['Skin Perfecting 2% BHA (Salicylic Acid) Liquid - 118 ml']),frozenset(['Clear Acne Extra Strength Cream 5 BP - 67 ml']),0.0895454249005,0.00841322637449,0.00117393856388,0.01310997815,1.55825810058,0.000420572633394,1.00475914405
127,frozenset(['Clear Acne Extra Strength Cream 5 BP - 67 ml']),frozenset(['Skin Perfecting 2% BHA (Salicylic Acid) Liquid - 118 ml']),0.00841322637449,0.0895454249005,0.00117393856388,0.139534883721,1.55825810058,0.000420572633394,1.05809585755
128,frozenset(['Skin Perfecting 2% BHA (Salicylic Acid) Liquid - 118 ml']),frozenset(['Resist Youth-Extending Daily Hydrating Fluid SPF 50 - 60 ml']),0.0895454249005,0.0197612991587,0.00189134546403,0.0211216314639,1.0688382021,0.000121811534281,1.00138968471
129,frozenset(['Resist Youth-Extending Daily Hydrating Fluid SPF 50 - 60 ml']),frozenset(['Skin Perfecting 2% BHA (Salicylic Acid) Liquid - 118 ml']),0.0197612991587,0.0895454249005,0.00189134546403,0.0957095709571,1.0688382021,0.000121811534281,1.00681655568
130,frozenset(['Resist 10% Niacinamide Booster - 20 ml']),frozenset(['Resist Youth-Extending Daily Hydrating Fluid SPF 50 - 60 ml']),0.0488488880193,0.0197612991587,0.00189134546403,0.0387182910547,1.95929886714,0.000926027974314,1.0197205374
131,frozenset(['Resist Youth-Extending Daily Hydrating Fluid SPF 50 - 60 ml']),frozenset(['Resist 10% Niacinamide Booster - 20 ml']),0.0197612991587,0.0488488880193,0.00189134546403,0.0957095709571,1.95929886714,0.000926027974314,1.05182039026
132,frozenset(['Resist Intensive Wrinkle-Repair Retinol Serum - 30 ml']),frozenset(['Resist Weightless Advanced Repairing Toner - 118 ml']),0.0158481706124,0.035544250962,0.00104350094567,0.0658436213992,1.85244082002,0.000480189592137,1.03243500888
133,frozenset(['Resist Weightless Advanced Repairing Toner - 118 ml']),frozenset(['Resist Intensive Wrinkle-Repair Retinol Serum - 30 ml']),0.035544250962,0.0158481706124,0.00104350094567,0.0293577981651,1.85244082002,0.000480189592137,1.01391823633
134,frozenset(['Resist 10% Niacinamide Booster - 20 ml']),frozenset(['Resist Weekly Retexturizing Foaming Treatment 4% BHA (Salicylic Acid) - 44 ml']),0.0488488880193,0.00815235113807,0.00104350094567,0.0213618157543,2.62032576769,0.000645267657835,1.01349780218
135,frozenset(['Resist Weekly Retexturizing Foaming Treatment 4% BHA (Salicylic Acid) - 44 ml']),frozenset(['Resist 10% Niacinamide Booster - 20 ml']),0.00815235113807,0.0488488880193,0.00104350094567,0.128,2.62032576769,0.000645267657835,1.09076962383
136,frozenset(['Resist Intensive Wrinkle-Repair Retinol Serum - 30 ml']),frozenset(['Resist Intensive Repair Cream with Retinol - 50 ml']),0.0158481706124,0.00991325898389,0.00123915737299,0.0781893004115,7.88734567901,0.00108205035328,1.0740673128
137,frozenset(['Resist Intensive Repair Cream with Retinol - 50 ml']),frozenset(['Resist Intensive Wrinkle-Repair Retinol Serum - 30 ml']),0.00991325898389,0.0158481706124,0.00123915737299,0.125,7.88734567901,0.00108205035328,1.12474494787
138,frozenset(['Resist Weightless Advanced Repairing Toner - 118 ml']),frozenset(['Resist Ultra-Light Super Antioxidant Concentrate Serum with Hyaluronic Acid - 30 ml']),0.035544250962,0.0121306984934,0.00104350094567,0.0293577981651,2.42012429713,0.000612324354078,1.01774814616
139,frozenset(['Resist Ultra-Light Super Antioxidant Concentrate Serum with Hyaluronic Acid - 30 ml']),frozenset(['Resist Weightless Advanced Repairing Toner - 118 ml']),0.0121306984934,0.035544250962,0.00104350094567,0.0860215053763,2.42012429713,0.000612324354078,1.05522805483
140,frozenset(['Resist 10% Niacinamide Booster - 20 ml']),frozenset(['Resist Pure Radiance Skin Brightening Treatment - 30 ml']),0.0488488880193,0.00906541446553,0.00123915737299,0.0253671562083,2.79823457656,0.000796321956911,1.01672603365
141,frozenset(['Resist Pure Radiance Skin Brightening Treatment - 30 ml']),frozenset(['Resist 10% Niacinamide Booster - 20 ml']),0.00906541446553,0.0488488880193,0.00123915737299,0.136690647482,2.79823457656,0.000796321956911,1.10175003804
142,frozenset(['Resist Anti-Aging Eye Cream']),frozenset(['Resist Weightless Advanced Repairing Toner - 118 ml']),0.0165003587035,0.035544250962,0.00117393856388,0.0711462450593,2.00162454219,0.000587445673164,1.03832895535
143,frozenset(['Resist Weightless Advanced Repairing Toner - 118 ml']),frozenset(['Resist Anti-Aging Eye Cream']),0.035544250962,0.0165003587035,0.00117393856388,0.0330275229358,2.00162454219,0.000587445673164,1.01709165941
144,frozenset(['Clinical 1% Retinol Treatment - 30 ml']),frozenset(['Resist Daily Pore-Refining Treatment 2% BHA (Salicylic Acid) - 88 ml']),0.0234787712776,0.0525011413292,0.0014348138003,0.0611111111111,1.16399585921,0.000202151511218,1.00917038202
145,frozenset(['Resist Daily Pore-Refining Treatment 2% BHA (Salicylic Acid) - 88 ml']),frozenset(['Clinical 1% Retinol Treatment - 30 ml']),0.0525011413292,0.0234787712776,0.0014348138003,0.0273291925466,1.16399585921,0.000202151511218,1.0039586068
146,frozenset(['Resist Ultra-Light Super Antioxidant Concentrate Serum - 30 ml']),frozenset(['Resist C15 Super Booster - 20 ml']),0.0157829518033,0.0560881758299,0.0013695949912,0.0867768595041,1.5471506823,0.000484358015337,1.03360480294
147,frozenset(['Resist C15 Super Booster - 20 ml']),frozenset(['Resist Ultra-Light Super Antioxidant Concentrate Serum - 30 ml']),0.0560881758299,0.0157829518033,0.0013695949912,0.0244186046512,1.5471506823,0.000484358015337,1.00885180149
148,frozenset(['Skin Perfecting 2% BHA (Salicylic Acid) Liquid - 118 ml']),frozenset(['Skin Perfecting 8% AHA (Glycolic Acid) Gel - 100 ml']),0.0895454249005,0.0153264201396,0.00208700189135,0.0233066278223,1.52068308255,0.000714591087744,1.00817063769
149,frozenset(['Skin Perfecting 8% AHA (Glycolic Acid) Gel - 100 ml']),frozenset(['Skin Perfecting 2% BHA (Salicylic Acid) Liquid - 118 ml']),0.0153264201396,0.0895454249005,0.00208700189135,0.136170212766,1.52068308255,0.000714591087744,1.05397450812
150,frozenset(['Resist Youth-Extending Daily Hydrating Fluid SPF 50 - 60 ml']),frozenset(['Skin Balancing Pore-Reducing Toner - 190 ml']),0.0197612991587,0.0485227939738,0.00104350094567,0.0528052805281,1.08825721282,8.4627497942e-05,1.00452123145
151,frozenset(['Skin Balancing Pore-Reducing Toner - 190 ml']),frozenset(['Resist Youth-Extending Daily Hydrating Fluid SPF 50 - 60 ml']),0.0485227939738,0.0197612991587,0.00104350094567,0.0215053763441,1.08825721282,8.4627497942e-05,1.00178240855
152,frozenset(['Resist Ultra-Light Super Antioxidant Concentrate Serum with Hyaluronic Acid - 30 ml']),frozenset(['Resist Daily Pore-Refining Treatment 2% BHA (Salicylic Acid) - 88 ml']),0.0121306984934,0.0525011413292,0.00208700189135,0.172043010753,3.27693848928,0.00145012637532,1.14438173839
153,frozenset(['Resist Daily Pore-Refining Treatment 2% BHA (Salicylic Acid) - 88 ml']),frozenset(['Resist Ultra-Light Super Antioxidant Concentrate Serum with Hyaluronic Acid - 30 ml']),0.0525011413292,0.0121306984934,0.00208700189135,0.039751552795,3.27693848928,0.00145012637532,1.02876427906
154,frozenset(['Resist Youth-Extending Daily Hydrating Fluid SPF 50 - 20 ml']),frozenset(['Resist Daily Pore-Refining Treatment 2% BHA (Salicylic Acid) - 30 ml']),0.00495662949195,0.0198265179678,0.00117393856388,0.236842105263,11.9457236842,0.0010756658602,1.28436525232
155,frozenset(['Resist Daily Pore-Refining Treatment 2% BHA (Salicylic Acid) - 30 ml']),frozenset(['Resist Youth-Extending Daily Hydrating Fluid SPF 50 - 20 ml']),0.0198265179678,0.00495662949195,0.00117393856388,0.0592105263158,11.9457236842,0.0010756658602,1.05766847774
156,frozenset(['Skin Balancing Oil-Reducing Cleanser - 237 ml']),frozenset(['Skin Perfecting 2% BHA (Salicylic Acid) Liquid - 118 ml']),0.0140872627666,0.0895454249005,0.00130437618209,0.0925925925926,1.03402929514,4.29262519718e-05,1.00335810317
157,frozenset(['Skin Perfecting 2% BHA (Salicylic Acid) Liquid - 118 ml']),frozenset(['Skin Balancing Oil-Reducing Cleanser - 237 ml']),0.0895454249005,0.0140872627666,0.00130437618209,0.0145666423889,1.03402929514,4.29262519718e-05,1.0004864658
158,frozenset(['Resist BHA 9 (Salicylic Acid) - 8.4 ml']),frozenset(['Resist Daily Pore-Refining Treatment 2% BHA (Salicylic Acid) - 88 ml']),0.0220439574773,0.0525011413292,0.00163047022761,0.0739644970414,1.40881693557,0.000473137300642,1.02317768125
159,frozenset(['Resist Daily Pore-Refining Treatment 2% BHA (Salicylic Acid) - 88 ml']),frozenset(['Resist BHA 9 (Salicylic Acid) - 8.4 ml']),0.0525011413292,0.0220439574773,0.00163047022761,0.0310559006211,1.40881693557,0.000473137300642,1.00930078748
160,frozenset(['Resist Pure Radiance Skin Brightening Treatment - 30 ml']),frozenset(['Resist Hyaluronic Acid Booster - 20 ml']),0.00906541446553,0.0208700189135,0.00117393856388,0.129496402878,6.20490107914,0.000984743192528,1.12478568075
161,frozenset(['Resist Hyaluronic Acid Booster - 20 ml']),frozenset(['Resist Pure Radiance Skin Brightening Treatment - 30 ml']),0.0208700189135,0.00906541446553,0.00117393856388,0.05625,6.20490107914,0.000984743192528,1.04999691182
162,frozenset(['Resist C15 Super Booster - 20 ml']),frozenset(['Resist Weightless Advanced Repairing Toner - 118 ml']),0.0560881758299,0.035544250962,0.00247831474597,0.0441860465116,1.2431278003,0.000484702548275,1.00904129461
163,frozenset(['Resist Weightless Advanced Repairing Toner - 118 ml']),frozenset(['Resist C15 Super Booster - 20 ml']),0.035544250962,0.0560881758299,0.00247831474597,0.0697247706422,1.2431278003,0.000484702548275,1.01465866701
164,frozenset(['Resist Advanced Replenishing Toner - 118 ml']),frozenset(['Resist Barrier Repair Moisturizer with Retinol - 50 ml']),0.0181308289311,0.0179351725038,0.0014348138003,0.0791366906475,4.41237410072,0.00110963425579,1.06646102361
165,frozenset(['Resist Barrier Repair Moisturizer with Retinol - 50 ml']),frozenset(['Resist Advanced Replenishing Toner - 118 ml']),0.0179351725038,0.0181308289311,0.0014348138003,0.08,4.41237410072,0.00110963425579,1.06724909899
166,frozenset(['Resist Intensive Wrinkle-Repair Retinol Serum - 30 ml']),frozenset(['Skin Perfecting 2% BHA (Salicylic Acid) Liquid - 118 ml']),0.0158481706124,0.0895454249005,0.00163047022761,0.102880658436,1.14892143904,0.00021133905623,1.01486450344
167,frozenset(['Skin Perfecting 2% BHA (Salicylic Acid) Liquid - 118 ml']),frozenset(['Resist Intensive Wrinkle-Repair Retinol Serum - 30 ml']),0.0895454249005,0.0158481706124,0.00163047022761,0.0182083029862,1.14892143904,0.00021133905623,1.00240390337
168,frozenset(['Skin Recovery Enriched Calming Toner - 190 ml']),frozenset(['Skin Recovery Replenishing Moisturizer - 60 ml']),0.0127828865845,0.0120654796843,0.00117393856388,0.0918367346939,7.61152785438,0.00101970690549,1.08783801113
169,frozenset(['Skin Recovery Replenishing Moisturizer - 60 ml']),frozenset(['Skin Recovery Enriched Calming Toner - 190 ml']),0.0120654796843,0.0127828865845,0.00117393856388,0.0972972972973,7.61152785438,0.00101970690549,1.09362374839
170,frozenset(['Resist Daily Pore-Refining Treatment 2% BHA (Salicylic Acid) - 30 ml']),frozenset(['Skin Perfecting 2% BHA (Salicylic Acid) Liquid - 30 ml']),0.0198265179678,0.0241309593687,0.00117393856388,0.0592105263158,2.45371621622,0.000695505664379,1.03728737186
171,frozenset(['Skin Perfecting 2% BHA (Salicylic Acid) Liquid - 30 ml']),frozenset(['Resist Daily Pore-Refining Treatment 2% BHA (Salicylic Acid) - 30 ml']),0.0241309593687,0.0198265179678,0.00117393856388,0.0486486486486,2.45371621622,0.000695505664379,1.03029598964
172,frozenset(['Resist Whitening Essence - 30 ml']),frozenset(['Resist Anti-Aging Eye Cream']),0.0193047674949,0.0165003587035,0.00104350094567,0.0540540540541,3.27593205854,0.000724965357319,1.0396996208
173,frozenset(['Resist Anti-Aging Eye Cream']),frozenset(['Resist Whitening Essence - 30 ml']),0.0165003587035,0.0193047674949,0.00104350094567,0.0632411067194,3.27593205854,0.000724965357319,1.04690250559
174,frozenset(['Resist C15 Super Booster - 20 ml']),frozenset(['Resist Daily Pore-Refining Treatment 2% BHA (Salicylic Acid) - 88 ml']),0.0560881758299,0.0525011413292,0.00358703450075,0.0639534883721,1.2181352015,0.000642341254609,1.01223480554
175,frozenset(['Resist Daily Pore-Refining Treatment 2% BHA (Salicylic Acid) - 88 ml']),frozenset(['Resist C15 Super Booster - 20 ml']),0.0525011413292,0.0560881758299,0.00358703450075,0.0683229813665,1.2181352015,0.000642341254609,1.01313202461
176,frozenset(['Resist C15 Super Booster - 20 ml']),frozenset(['Resist Perfectly Balanced Foaming Cleanser - 190 ml']),0.0560881758299,0.0304571838518,0.00208700189135,0.0372093023256,1.22169214681,0.000378714008181,1.00701306991
177,frozenset(['Resist Perfectly Balanced Foaming Cleanser - 190 ml']),frozenset(['Resist C15 Super Booster - 20 ml']),0.0304571838518,0.0560881758299,0.00208700189135,0.06852248394,1.22169214681,0.000378714008181,1.01334901583
178,frozenset(['Resist Whitening Essence - 30 ml']),frozenset(['Resist Youth-Extending Daily Hydrating Fluid SPF 50 - 60 ml']),0.0193047674949,0.0197612991587,0.0013695949912,0.0709459459459,3.59014583891,0.000988107705539,1.05509329254
179,frozenset(['Resist Youth-Extending Daily Hydrating Fluid SPF 50 - 60 ml']),frozenset(['Resist Whitening Essence - 30 ml']),0.0197612991587,0.0193047674949,0.0013695949912,0.0693069306931,3.59014583891,0.000988107705539,1.05372572854
180,frozenset(['Resist Weightless Advanced Repairing Toner - 118 ml']),frozenset(['Skin Perfecting 2% BHA (Salicylic Acid) Liquid Exfoliator - 118 ml']),0.035544250962,0.0301310898063,0.0014348138003,0.0403669724771,1.33971166448,0.000363826782467,1.01066645517
181,frozenset(['Skin Perfecting 2% BHA (Salicylic Acid) Liquid Exfoliator - 118 ml']),frozenset(['Resist Weightless Advanced Repairing Toner - 118 ml']),0.0301310898063,0.035544250962,0.0014348138003,0.047619047619,1.33971166448,0.000363826782467,1.01267853649
182,frozenset(['Clear Acne Face Wash - 177 ml']),frozenset(['Resist Weightless Advanced Repairing Toner - 118 ml']),0.0400443487902,0.035544250962,0.0014348138003,0.0358306188925,1.00805665959,1.14674172925e-05,1.00029700998
183,frozenset(['Resist Weightless Advanced Repairing Toner - 118 ml']),frozenset(['Clear Acne Face Wash - 177 ml']),0.035544250962,0.0400443487902,0.0014348138003,0.0403669724771,1.00805665959,1.14674172925e-05,1.00033619486
184,frozenset(['Skin Balancing Oil-Reducing Cleanser - 473 ml']),frozenset(['Skin Perfecting 2% BHA (Salicylic Acid) Liquid - 118 ml']),0.0183917041675,0.0895454249005,0.00176090784582,0.0957446808511,1.06923029242,0.000114014881501,1.00685564776
185,frozenset(['Skin Perfecting 2% BHA (Salicylic Acid) Liquid - 118 ml']),frozenset(['Skin Balancing Oil-Reducing Cleanser - 473 ml']),0.0895454249005,0.0183917041675,0.00176090784582,0.0196649672251,1.06923029242,0.000114014881501,1.001298804
186,frozenset(['Resist 10% Niacinamide Booster - 20 ml']),frozenset(['Resist BHA 9 (Salicylic Acid) - 8.4 ml']),0.0488488880193,0.0220439574773,0.00273918998239,0.0560747663551,2.54377039208,0.00166236717208,1.03605244109
187,frozenset(['Resist BHA 9 (Salicylic Acid) - 8.4 ml']),frozenset(['Resist 10% Niacinamide Booster - 20 ml']),0.0220439574773,0.0488488880193,0.00273918998239,0.12426035503,2.54377039208,0.00166236717208,1.08611174273
188,frozenset(['Resist Weightless Advanced Repairing Toner - 118 ml']),frozenset(['Resist Hyaluronic Acid Booster - 20 ml']),0.035544250962,0.0208700189135,0.00123915737299,0.0348623853211,1.67045298165,0.000497348183145,1.01449779409
189,frozenset(['Resist Hyaluronic Acid Booster - 20 ml']),frozenset(['Resist Weightless Advanced Repairing Toner - 118 ml']),0.0208700189135,0.035544250962,0.00123915737299,0.059375,1.67045298165,0.000497348183145,1.02533501559
190,frozenset(['Skin Perfecting 2% BHA (Salicylic Acid) Liquid - 30 ml']),frozenset(['Clear Acne Face Wash - 30 ml']),0.0241309593687,0.00900019565643,0.00104350094567,0.0432432432432,4.80470035253,0.000826317589977,1.03579075595
191,frozenset(['Clear Acne Face Wash - 30 ml']),frozenset(['Skin Perfecting 2% BHA (Salicylic Acid) Liquid - 30 ml']),0.00900019565643,0.0241309593687,0.00104350094567,0.115942028986,4.80470035253,0.000826317589977,1.10385186563
192,frozenset(['Resist Anti-Aging Eye Cream']),frozenset(['Resist Anti-Aging Clear Skin Hydrator - 60 ml']),0.0165003587035,0.0296093393335,0.00110871975478,0.0671936758893,2.26934060002,0.000620155034803,1.04029168283
193,frozenset(['Resist Anti-Aging Clear Skin Hydrator - 60 ml']),frozenset(['Resist Anti-Aging Eye Cream']),0.0296093393335,0.0165003587035,0.00110871975478,0.0374449339207,2.26934060002,0.000620155034803,1.02175935274
194,frozenset(['Clear Acne Extra Strength Exfoliating Treatment 2% BHA (Salicylic Acid) - 118 ml']),frozenset(['Clear Acne Face Wash - 177 ml']),0.0236092088958,0.0400443487902,0.00300006521881,0.127071823204,3.17327730488,0.00205464982312,1.09969603082
195,frozenset(['Clear Acne Face Wash - 177 ml']),frozenset(['Clear Acne Extra Strength Exfoliating Treatment 2% BHA (Salicylic Acid) - 118 ml']),0.0400443487902,0.0236092088958,0.00300006521881,0.0749185667752,3.17327730488,0.00205464982312,1.0554646932
196,frozenset(['Calm Sensitive Nighttime Moisturizer (Oily / Combination) - 60 ml']),frozenset(['Calm Sensitive Daytime Moisturizer SPF 30 (Oily / Combination) - 60 ml']),0.00893497684732,0.00841322637449,0.00123915737299,0.138686131387,16.4842980818,0.00116398539012,1.15124905073
197,frozenset(['Calm Sensitive Daytime Moisturizer SPF 30 (Oily / Combination) - 60 ml']),frozenset(['Calm Sensitive Nighttime Moisturizer (Oily / Combination) - 60 ml']),0.00841322637449,0.00893497684732,0.00123915737299,0.147286821705,16.4842980818,0.00116398539012,1.1622489817
198,frozenset(['Resist C15 Super Booster - 20 ml']),frozenset(['Resist Youth-Extending Daily Hydrating Fluid SPF 50 - 60 ml']),0.0560881758299,0.0197612991587,0.00117393856388,0.0209302325581,1.05915265945,6.55633420425e-05,1.00119392247
199,frozenset(['Resist Youth-Extending Daily Hydrating Fluid SPF 50 - 60 ml']),frozenset(['Resist C15 Super Booster - 20 ml']),0.0197612991587,0.0560881758299,0.00117393856388,0.0594059405941,1.05915265945,6.55633420425e-05,1.0035273078
200,frozenset(['Clear Acne Face Wash - 177 ml']),frozenset(['Skin Balancing Pore-Reducing Toner - 190 ml']),0.0400443487902,0.0485227939738,0.00319572164612,0.0798045602606,1.64468188505,0.00125265795996,1.03399469823
201,frozenset(['Skin Balancing Pore-Reducing Toner - 190 ml']),frozenset(['Clear Acne Face Wash - 177 ml']),0.0485227939738,0.0400443487902,0.00319572164612,0.0658602150538,1.64468188505,0.00125265795996,1.0276359777
202,frozenset(['Resist Perfectly Balanced Foaming Cleanser - 190 ml']),frozenset(['Skin Perfecting 2% BHA (Salicylic Acid) Gel - 100 ml']),0.0304571838518,0.022435270332,0.00104350094567,0.03426124197,1.52711518351,0.000360185792407,1.0122455183
203,frozenset(['Skin Perfecting 2% BHA (Salicylic Acid) Gel - 100 ml']),frozenset(['Resist Perfectly Balanced Foaming Cleanser - 190 ml']),0.022435270332,0.0304571838518,0.00104350094567,0.046511627907,1.52711518351,0.000360185792407,1.01683758767
204,frozenset(['Clear Acne Ultra-Light Daily Mattifying Fluid SPF 30 - 60 ml']),frozenset(['Skin Balancing Pore-Reducing Toner - 190 ml']),0.013695949912,0.0485227939738,0.00163047022761,0.119047619048,2.45343701997,0.000965904471761,1.08005520684
205,frozenset(['Skin Balancing Pore-Reducing Toner - 190 ml']),frozenset(['Clear Acne Ultra-Light Daily Mattifying Fluid SPF 30 - 60 ml']),0.0485227939738,0.013695949912,0.00163047022761,0.0336021505376,2.45343701997,0.000965904471761,1.02059834947
206,frozenset(['Skin Balancing Invisible Finish Moisture Gel - 60 ml']),frozenset(['Skin Balancing Pore-Reducing Toner - 190 ml']),0.0336529054979,0.0485227939738,0.00456531663732,0.135658914729,2.79577706927,0.00293238363722,1.10081219352
207,frozenset(['Skin Balancing Pore-Reducing Toner - 190 ml']),frozenset(['Skin Balancing Invisible Finish Moisture Gel - 60 ml']),0.0485227939738,0.0336529054979,0.00456531663732,0.0940860215054,2.79577706927,0.00293238363722,1.06670955239
208,frozenset(['Resist 10% Niacinamide Booster - 20 ml']),frozenset(['Resist Omega+ Complex - 30ml']),0.0488488880193,0.0145437944303,0.00202178308224,0.041388518024,2.84578541194,0.00131133489674,1.02800375762
209,frozenset(['Resist Omega+ Complex - 30ml']),frozenset(['Resist 10% Niacinamide Booster - 20 ml']),0.0145437944303,0.0488488880193,0.00202178308224,0.139013452915,2.84578541194,0.00131133489674,1.10472238527
210,frozenset(['Resist Ultra-Light Super Antioxidant Concentrate Serum - 30 ml']),frozenset(['Resist Daily Pore-Refining Treatment 2% BHA (Salicylic Acid) - 88 ml']),0.0157829518033,0.0525011413292,0.0014348138003,0.0909090909091,1.73156408809,0.000606190817084,1.04224874454
211,frozenset(['Resist Daily Pore-Refining Treatment 2% BHA (Salicylic Acid) - 88 ml']),frozenset(['Resist Ultra-Light Super Antioxidant Concentrate Serum - 30 ml']),0.0525011413292,0.0157829518033,0.0014348138003,0.0273291925466,1.73156408809,0.000606190817084,1.01187065619
212,frozenset(['PC4Men Face Wash - 177 ml']),frozenset(['PC4Men Soothe + Smooth Treatment 2% BHA (Salicylic Acid) - 88 ml']),0.00769581947434,0.00671753733777,0.00130437618209,0.169491525424,25.2311996051,0.00125267922743,1.19599316933
213,frozenset(['PC4Men Soothe + Smooth Treatment 2% BHA (Salicylic Acid) - 88 ml']),frozenset(['PC4Men Face Wash - 177 ml']),0.00671753733777,0.00769581947434,0.00130437618209,0.194174757282,25.2311996051,0.00125267922743,1.23141362162
214,frozenset(['Resist Weightless Advanced Repairing Toner - 118 ml']),frozenset(['Gentle Touch Makeup Remover - 177 ml']),0.035544250962,0.00978282136568,0.00117393856388,0.0330275229358,3.3760733945,0.000826215506144,1.02403863825
215,frozenset(['Gentle Touch Makeup Remover - 177 ml']),frozenset(['Resist Weightless Advanced Repairing Toner - 118 ml']),0.00978282136568,0.035544250962,0.00117393856388,0.12,3.3760733945,0.000826215506144,1.09597244209
216,frozenset(['Skin Balancing Oil-Reducing Cleanser - 473 ml']),frozenset(['Skin Balancing Pore-Reducing Toner - 190 ml']),0.0183917041675,0.0485227939738,0.00326094045523,0.177304964539,3.65405513612,0.00236852358308,1.1565369487
217,frozenset(['Skin Balancing Pore-Reducing Toner - 190 ml']),frozenset(['Skin Balancing Oil-Reducing Cleanser - 473 ml']),0.0485227939738,0.0183917041675,0.00326094045523,0.0672043010753,3.65405513612,0.00236852358308,1.05232935461
218,frozenset(['Skin Balancing Ultra-Sheer Daily Defense SPF 30 - 60 ml']),frozenset(['Skin Balancing Pore-Reducing Toner - 190 ml']),0.0118046044479,0.0485227939738,0.0013695949912,0.116022099448,2.39108447692,0.000796802601627,1.07635858932
219,frozenset(['Skin Balancing Pore-Reducing Toner - 190 ml']),frozenset(['Skin Balancing Ultra-Sheer Daily Defense SPF 30 - 60 ml']),0.0485227939738,0.0118046044479,0.0013695949912,0.0282258064516,2.39108447692,0.000796802601627,1.01689816638
220,frozenset(['Resist Advanced Replenishing Toner - 118 ml']),frozenset(['Resist Perfectly Balanced Foaming Cleanser - 190 ml']),0.0181308289311,0.0304571838518,0.00123915737299,0.068345323741,2.24398040454,0.000686943382847,1.04066757872
221,frozenset(['Resist Perfectly Balanced Foaming Cleanser - 190 ml']),frozenset(['Resist Advanced Replenishing Toner - 118 ml']),0.0304571838518,0.0181308289311,0.00123915737299,0.0406852248394,2.24398040454,0.000686943382847,1.02351094395
222,frozenset(['Resist 10% Niacinamide Booster - 20 ml']),frozenset(['Resist Anti-Aging Clear Skin Hydrator - 60 ml']),0.0488488880193,0.0296093393335,0.00176090784582,0.0360480640854,1.21745587362,0.000314524544397,1.00667950809
223,frozenset(['Resist Anti-Aging Clear Skin Hydrator - 60 ml']),frozenset(['Resist 10% Niacinamide Booster - 20 ml']),0.0296093393335,0.0488488880193,0.00176090784582,0.0594713656388,1.21745587362,0.000314524544397,1.01129415653
224,frozenset(['Resist 10% Niacinamide Booster - 20 ml']),frozenset(['Resist Intensive Wrinkle-Repair Retinol Serum - 30 ml']),0.0488488880193,0.0158481706124,0.00176090784582,0.0360480640854,2.27458834001,0.000986742334267,1.02095529115
225,frozenset(['Resist Intensive Wrinkle-Repair Retinol Serum - 30 ml']),frozenset(['Resist 10% Niacinamide Booster - 20 ml']),0.0158481706124,0.0488488880193,0.00176090784582,0.111111111111,2.27458834001,0.000986742334267,1.07004500098
226,frozenset(['Resist Weightless Body Lotion 2% BHA (Salicylic Acid) - 210 ml']),frozenset(['Resist C15 Super Booster - 20 ml']),0.0269353681602,0.0560881758299,0.00169568903672,0.0629539951574,1.1224111718,0.000184933371307,1.00732708884
227,frozenset(['Resist C15 Super Booster - 20 ml']),frozenset(['Resist Weightless Body Lotion 2% BHA (Salicylic Acid) - 210 ml']),0.0560881758299,0.0269353681602,0.00169568903672,0.0302325581395,1.1224111718,0.000184933371307,1.00339998007
228,frozenset(['Resist Barrier Repair Moisturizer with Retinol - 50 ml']),frozenset(['Resist Optimal Results Hydrating Cleanser - 190 ml']),0.0179351725038,0.0148698884758,0.0014348138003,0.08,5.38,0.00116811978537,1.07079359948
229,frozenset(['Resist Optimal Results Hydrating Cleanser - 190 ml']),frozenset(['Resist Barrier Repair Moisturizer with Retinol - 50 ml']),0.0148698884758,0.0179351725038,0.0014348138003,0.0964912280702,5.38,0.00116811978537,1.08694553723
230,frozenset(['Resist C15 Super Booster - 20 ml']),frozenset(['Resist Omega+ Complex - 30ml']),0.0560881758299,0.0145437944303,0.0013695949912,0.0244186046512,1.67897069559,0.000553860091954,1.01012197472
231,frozenset(['Resist Omega+ Complex - 30ml']),frozenset(['Resist C15 Super Booster - 20 ml']),0.0145437944303,0.0560881758299,0.0013695949912,0.0941704035874,1.67897069559,0.000553860091954,1.04204127124
232,frozenset(['Resist Whitening Essence - 30 ml']),frozenset(['Resist Omega+ Complex - 30ml']),0.0193047674949,0.0145437944303,0.00123915737299,0.0641891891892,4.41351048358,0.000958392803015,1.05305067454
233,frozenset(['Resist Omega+ Complex - 30ml']),frozenset(['Resist Whitening Essence - 30 ml']),0.0145437944303,0.0193047674949,0.00123915737299,0.085201793722,4.41351048358,0.000958392803015,1.07203449436
234,frozenset(['PC4Men Face Wash - 177 ml']),frozenset(['PC4Men Nighttime Repair - 50 ml']),0.00769581947434,0.00828278875628,0.0015000326094,0.194915254237,23.5325637261,0.00143628976239,1.23181716765
235,frozenset(['PC4Men Nighttime Repair - 50 ml']),frozenset(['PC4Men Face Wash - 177 ml']),0.00828278875628,0.00769581947434,0.0015000326094,0.181102362205,23.5325637261,0.00143628976239,1.2117560666
236,"frozenset(['Resist Weightless Advanced Repairing Toner - 118 ml', 'Resist Anti-Aging Clear Skin Hydrator - 60 ml'])",frozenset(['Resist Daily Pore-Refining Treatment 2% BHA (Salicylic Acid) - 88 ml']),0.00384790973717,0.0525011413292,0.00104350094567,0.271186440678,5.16534372039,0.00084148129274,1.30005657353
237,"frozenset(['Resist Weightless Advanced Repairing Toner - 118 ml', 'Resist Daily Pore-Refining Treatment 2% BHA (Salicylic Acid) - 88 ml'])",frozenset(['Resist Anti-Aging Clear Skin Hydrator - 60 ml']),0.00528272353747,0.0296093393335,0.00104350094567,0.197530864198,6.67123511176,0.000887082991847,1.20925605406
238,"frozenset(['Resist Anti-Aging Clear Skin Hydrator - 60 ml', 'Resist Daily Pore-Refining Treatment 2% BHA (Salicylic Acid) - 88 ml'])",frozenset(['Resist Weightless Advanced Repairing Toner - 118 ml']),0.00339137807344,0.035544250962,0.00104350094567,0.307692307692,8.65659844742,0.000922956952324,1.39310274861
239,frozenset(['Resist Weightless Advanced Repairing Toner - 118 ml']),"frozenset(['Resist Anti-Aging Clear Skin Hydrator - 60 ml', 'Resist Daily Pore-Refining Treatment 2% BHA (Salicylic Acid) - 88 ml'])",0.035544250962,0.00339137807344,0.00104350094567,0.0293577981651,8.65659844742,0.000922956952324,1.02675179386
240,frozenset(['Resist Anti-Aging Clear Skin Hydrator - 60 ml']),"frozenset(['Resist Weightless Advanced Repairing Toner - 118 ml', 'Resist Daily Pore-Refining Treatment 2% BHA (Salicylic Acid) - 88 ml'])",0.0296093393335,0.00528272353747,0.00104350094567,0.0352422907489,6.67123511176,0.000887082991847,1.03105398063
241,frozenset(['Resist Daily Pore-Refining Treatment 2% BHA (Salicylic Acid) - 88 ml']),"frozenset(['Resist Weightless Advanced Repairing Toner - 118 ml', 'Resist Anti-Aging Clear Skin Hydrator - 60 ml'])",0.0525011413292,0.00384790973717,0.00104350094567,0.0198757763975,5.16534372039,0.00084148129274,1.01635289311
242,frozenset(['Skin Perfecting 2% BHA (Salicylic Acid) Liquid - 118 ml']),frozenset(['Resist Skin Revealing Body Lotion 10% AHA (Glycolic Acid) - 210 ml']),0.0895454249005,0.0168916715581,0.00156525141851,0.0174799708667,1.03482777336,5.26795115607e-05,1.00059876572
243,frozenset(['Resist Skin Revealing Body Lotion 10% AHA (Glycolic Acid) - 210 ml']),frozenset(['Skin Perfecting 2% BHA (Salicylic Acid) Liquid - 118 ml']),0.0168916715581,0.0895454249005,0.00156525141851,0.0926640926641,1.03482777336,5.26795115607e-05,1.00343717
244,frozenset(['Resist Weightless Body Lotion 2% BHA (Salicylic Acid) - 210 ml']),frozenset(['Clear Acne Body Spray 2% BHA (Salicylic Acid)']),0.0269353681602,0.0163047022761,0.00189134546403,0.0702179176755,4.30660532688,0.00145217230548,1.05798478635
245,frozenset(['Clear Acne Body Spray 2% BHA (Salicylic Acid)']),frozenset(['Resist Weightless Body Lotion 2% BHA (Salicylic Acid) - 210 ml']),0.0163047022761,0.0269353681602,0.00189134546403,0.116,4.30660532688,0.00145217230548,1.10075184597
246,frozenset(['Calm Sensitive Toner (Normal / Dry) - 118 ml']),frozenset(['Calm Sensitive Cleanser (Normal / Dry) - 198 ml']),0.00515228591926,0.00463053544642,0.00123915737299,0.240506329114,51.9392048493,0.00121529953041,1.310569795
247,frozenset(['Calm Sensitive Cleanser (Normal / Dry) - 198 ml']),frozenset(['Calm Sensitive Toner (Normal / Dry) - 118 ml']),0.00463053544642,0.00515228591926,0.00123915737299,0.267605633803,51.9392048493,0.00121529953041,1.35834976346
248,frozenset(['Resist 10% Niacinamide Booster - 20 ml']),frozenset(['Resist Hyaluronic Acid Booster - 20 ml']),0.0488488880193,0.0208700189135,0.00371747211896,0.0761014686248,3.64644943258,0.00269799490209,1.05978086103
249,frozenset(['Resist Hyaluronic Acid Booster - 20 ml']),frozenset(['Resist 10% Niacinamide Booster - 20 ml']),0.0208700189135,0.0488488880193,0.00371747211896,0.178125,3.64644943258,0.00269799490209,1.15729412865
250,frozenset(['Resist Super-Light Daily Wrinkle Defense SPF 30 - 60 ml']),frozenset(['Resist C15 Super Booster - 20 ml']),0.0329354985978,0.0560881758299,0.00208700189135,0.0633663366337,1.12976283675,0.000239709854947,1.00777055223
251,frozenset(['Resist C15 Super Booster - 20 ml']),frozenset(['Resist Super-Light Daily Wrinkle Defense SPF 30 - 60 ml']),0.0560881758299,0.0329354985978,0.00208700189135,0.0372093023256,1.12976283675,0.000239709854947,1.00443897489
252,frozenset(['Resist 1% Retinol Booster - 15 ml']),frozenset(['Resist Whitening Essence - 30 ml']),0.018065610122,0.0193047674949,0.00104350094567,0.057761732852,2.99209678993,0.000694748542614,1.04081448047
253,frozenset(['Resist Whitening Essence - 30 ml']),frozenset(['Resist 1% Retinol Booster - 15 ml']),0.0193047674949,0.018065610122,0.00104350094567,0.0540540540541,2.99209678993,0.000694748542614,1.03804492644
254,frozenset(['Resist 1% Retinol Booster - 15 ml']),frozenset(['Resist Anti-Aging Clear Skin Hydrator - 60 ml']),0.018065610122,0.0296093393335,0.00110871975478,0.0613718411552,2.07271903179,0.00057380897441,1.03383928079
255,frozenset(['Resist Anti-Aging Clear Skin Hydrator - 60 ml']),frozenset(['Resist 1% Retinol Booster - 15 ml']),0.0296093393335,0.018065610122,0.00110871975478,0.0374449339207,2.07271903179,0.00057380897441,1.02013321054
256,frozenset(['Resist Anti-Aging Clear Skin Hydrator - 60 ml']),frozenset(['Resist Perfectly Balanced Foaming Cleanser - 190 ml']),0.0296093393335,0.0304571838518,0.00332615926433,0.112334801762,3.68828590025,0.00242434217252,1.09223930157
257,frozenset(['Resist Perfectly Balanced Foaming Cleanser - 190 ml']),frozenset(['Resist Anti-Aging Clear Skin Hydrator - 60 ml']),0.0304571838518,0.0296093393335,0.00332615926433,0.109207708779,3.68828590025,0.00242434217252,1.08935682339
258,frozenset(['Resist Perfectly Balanced Foaming Cleanser - 190 ml']),frozenset(['Skin Balancing Pore-Reducing Toner - 190 ml']),0.0304571838518,0.0485227939738,0.00208700189135,0.06852248394,1.41217102991,0.000609134234282,1.02147093153
259,frozenset(['Skin Balancing Pore-Reducing Toner - 190 ml']),frozenset(['Resist Perfectly Balanced Foaming Cleanser - 190 ml']),0.0485227939738,0.0304571838518,0.00208700189135,0.0430107526882,1.41217102991,0.000609134234282,1.01311777418
260,frozenset(['Resist Anti-Aging Clear Skin Hydrator - 60 ml']),frozenset(['Resist Daily Pore-Refining Treatment 2% BHA (Salicylic Acid) - 88 ml']),0.0296093393335,0.0525011413292,0.00339137807344,0.114537444934,2.18161819028,0.00183685396443,1.07006090009
261,frozenset(['Resist Daily Pore-Refining Treatment 2% BHA (Salicylic Acid) - 88 ml']),frozenset(['Resist Anti-Aging Clear Skin Hydrator - 60 ml']),0.0525011413292,0.0296093393335,0.00339137807344,0.0645962732919,2.18161819028,0.00183685396443,1.03740303033
262,frozenset(['Resist BHA 9 (Salicylic Acid) - 8.4 ml']),frozenset(['Resist C15 Super Booster - 20 ml']),0.0220439574773,0.0560881758299,0.00130437618209,0.0591715976331,1.05497454245,6.7970819115e-05,1.0032773477
263,frozenset(['Resist C15 Super Booster - 20 ml']),frozenset(['Resist BHA 9 (Salicylic Acid) - 8.4 ml']),0.0560881758299,0.0220439574773,0.00130437618209,0.0232558139535,1.05497454245,6.7970819115e-05,1.0012407102
264,frozenset(['Resist Whitening Essence - 30 ml']),frozenset(['Resist Anti-Aging Clear Skin Hydrator - 60 ml']),0.0193047674949,0.0296093393335,0.00110871975478,0.0574324324324,1.93967287772,0.000537118343266,1.02951840702
265,frozenset(['Resist Anti-Aging Clear Skin Hydrator - 60 ml']),frozenset(['Resist Whitening Essence - 30 ml']),0.0296093393335,0.0193047674949,0.00110871975478,0.0374449339207,1.93967287772,0.000537118343266,1.01884584796
266,frozenset(['Skin Balancing Super Antioxidant Concentrate Serum with Retinol - 30 ml']),frozenset(['Skin Balancing Pore-Reducing Toner - 190 ml']),0.00919585208374,0.0485227939738,0.00110871975478,0.120567375887,2.48475749256,0.000662511318705,1.08192166169
267,frozenset(['Skin Balancing Pore-Reducing Toner - 190 ml']),frozenset(['Skin Balancing Super Antioxidant Concentrate Serum with Retinol - 30 ml']),0.0485227939738,0.00919585208374,0.00110871975478,0.0228494623656,2.48475749256,0.000662511318705,1.01397288315
268,frozenset(['Resist 10% Niacinamide Booster - 20 ml']),frozenset(['Skin Balancing Invisible Finish Moisture Gel - 60 ml']),0.0488488880193,0.0336529054979,0.00169568903672,0.0347129506008,1.03149936349,5.17820245248e-05,1.00109816567
269,frozenset(['Skin Balancing Invisible Finish Moisture Gel - 60 ml']),frozenset(['Resist 10% Niacinamide Booster - 20 ml']),0.0336529054979,0.0488488880193,0.00169568903672,0.0503875968992,1.03149936349,5.17820245248e-05,1.00162035466
270,frozenset(['Resist Super-Light Daily Wrinkle Defense SPF 30 - 60 ml']),frozenset(['Resist Barrier Repair Moisturizer with Retinol - 50 ml']),0.0329354985978,0.0179351725038,0.00130437618209,0.039603960396,2.20817281728,0.000713672333242,1.02256234616
271,frozenset(['Resist Barrier Repair Moisturizer with Retinol - 50 ml']),frozenset(['Resist Super-Light Daily Wrinkle Defense SPF 30 - 60 ml']),0.0179351725038,0.0329354985978,0.00130437618209,0.0727272727273,2.20817281728,0.000713672333242,1.04291269759
272,frozenset(['Resist C15 Super Booster - 20 ml']),frozenset(['Resist Barrier Repair Moisturizer with Retinol - 50 ml']),0.0560881758299,0.0179351725038,0.00123915737299,0.0220930232558,1.23182663848,0.000233206264056,1.00425178555
273,frozenset(['Resist Barrier Repair Moisturizer with Retinol - 50 ml']),frozenset(['Resist C15 Super Booster - 20 ml']),0.0179351725038,0.0560881758299,0.00123915737299,0.0690909090909,1.23182663848,0.000233206264056,1.01396777987
274,frozenset(['Resist 10% Niacinamide Booster - 20 ml']),frozenset(['Skin Balancing Pore-Reducing Toner - 190 ml']),0.0488488880193,0.0485227939738,0.00365225330985,0.0747663551402,1.54085016581,0.00128196878065,1.02836425298
275,frozenset(['Skin Balancing Pore-Reducing Toner - 190 ml']),frozenset(['Resist 10% Niacinamide Booster - 20 ml']),0.0485227939738,0.0488488880193,0.00365225330985,0.0752688172043,1.54085016581,0.00128196878065,1.02857038854
276,frozenset(['Resist Omega+ Complex - 30ml']),frozenset(['Resist Hyaluronic Acid Booster - 20 ml']),0.0145437944303,0.0208700189135,0.00110871975478,0.0762331838565,3.65276065022,0.000805190489943,1.05993196982
277,frozenset(['Resist Hyaluronic Acid Booster - 20 ml']),frozenset(['Resist Omega+ Complex - 30ml']),0.0208700189135,0.0145437944303,0.00110871975478,0.053125,3.65276065022,0.000805190489943,1.04074582766
278,frozenset(['Resist Whitening Essence - 30 ml']),frozenset(['Resist C15 Super Booster - 20 ml']),0.0193047674949,0.0560881758299,0.00176090784582,0.0912162162162,1.62630028284,0.000678138652211,1.03865390318
279,frozenset(['Resist C15 Super Booster - 20 ml']),frozenset(['Resist Whitening Essence - 30 ml']),0.0560881758299,0.0193047674949,0.00176090784582,0.0313953488372,1.62630028284,0.000678138652211,1.01248247293
280,frozenset(['Resist Whitening Essence - 30 ml']),frozenset(['Resist Weightless Advanced Repairing Toner - 118 ml']),0.0193047674949,0.035544250962,0.00130437618209,0.0675675675676,1.90094222663,0.000618202681488,1.03434384679
281,frozenset(['Resist Weightless Advanced Repairing Toner - 118 ml']),frozenset(['Resist Whitening Essence - 30 ml']),0.035544250962,0.0193047674949,0.00130437618209,0.0366972477064,1.90094222663,0.000618202681488,1.01805505089
282,frozenset(['Resist C15 Super Booster - 20 ml']),frozenset(['Resist Intensive Repair Cream with Retinol - 50 ml']),0.0560881758299,0.00991325898389,0.00104350094567,0.0186046511628,1.87674418605,0.000487484332737,1.00885615791
283,frozenset(['Resist Intensive Repair Cream with Retinol - 50 ml']),frozenset(['Resist C15 Super Booster - 20 ml']),0.00991325898389,0.0560881758299,0.00104350094567,0.105263157895,1.87674418605,0.000487484332737,1.05496027407
284,frozenset(['Resist 10% Niacinamide Booster - 20 ml']),frozenset(['Resist Daily Pore-Refining Treatment 2% BHA (Salicylic Acid) - 88 ml']),0.0488488880193,0.0525011413292,0.00515228591926,0.105473965287,2.00898423571,0.00258766354559,1.05921887335
285,frozenset(['Resist Daily Pore-Refining Treatment 2% BHA (Salicylic Acid) - 88 ml']),frozenset(['Resist 10% Niacinamide Booster - 20 ml']),0.0525011413292,0.0488488880193,0.00515228591926,0.0981366459627,2.00898423571,0.00258766354559,1.05465102637
286,frozenset(['Skin Balancing Oil-Reducing Cleanser - 473 ml']),frozenset(['Resist Weightless Advanced Repairing Toner - 118 ml']),0.0183917041675,0.035544250962,0.00117393856388,0.063829787234,1.79578372048,0.000520219215334,1.03021409556
287,frozenset(['Resist Weightless Advanced Repairing Toner - 118 ml']),frozenset(['Skin Balancing Oil-Reducing Cleanser - 473 ml']),0.035544250962,0.0183917041675,0.00117393856388,0.0330275229358,1.79578372048,0.000520219215334,1.01513571391
288,frozenset(['Skin Recovery Enriched Calming Toner - 190 ml']),frozenset(['Skin Recovery Softening Cream Cleanser - 473 ml']),0.0127828865845,0.00534794234657,0.00130437618209,0.102040816327,19.0803882529,0.00123601404161,1.10768070057
289,frozenset(['Skin Recovery Softening Cream Cleanser - 473 ml']),frozenset(['Skin Recovery Enriched Calming Toner - 190 ml']),0.00534794234657,0.0127828865845,0.00130437618209,0.243902439024,19.0803882529,0.00123601404161,1.30567424678
290,frozenset(['Skin Balancing Invisible Finish Moisture Gel - 60 ml']),frozenset(['Resist Daily Pore-Refining Treatment 2% BHA (Salicylic Acid) - 88 ml']),0.0336529054979,0.0525011413292,0.00215222070045,0.0639534883721,1.2181352015,0.000385404752766,1.01223480554
291,frozenset(['Resist Daily Pore-Refining Treatment 2% BHA (Salicylic Acid) - 88 ml']),frozenset(['Skin Balancing Invisible Finish Moisture Gel - 60 ml']),0.0525011413292,0.0336529054979,0.00215222070045,0.0409937888199,1.2181352015,0.000385404752766,1.00765467756
292,frozenset(['Clear Acne Regular Strength Exfoliating Treatment 2% BHA (Salicylic Acid) - 118 ml']),frozenset(['Skin Balancing Pore-Reducing Toner - 190 ml']),0.0273918998239,0.0485227939738,0.00163047022761,0.0595238095238,1.22671850998,0.000301338715908,1.01169728236
293,frozenset(['Skin Balancing Pore-Reducing Toner - 190 ml']),frozenset(['Clear Acne Regular Strength Exfoliating Treatment 2% BHA (Salicylic Acid) - 118 ml']),0.0485227939738,0.0273918998239,0.00163047022761,0.0336021505376,1.22671850998,0.000301338715908,1.00642618433
294,frozenset(['Resist Super-Light Daily Wrinkle Defense SPF 30 - 60 ml']),frozenset(['Resist Weightless Advanced Repairing Toner - 118 ml']),0.0329354985978,0.035544250962,0.00228265831866,0.0693069306931,1.94987737306,0.00111199069094,1.03627692184
295,frozenset(['Resist Weightless Advanced Repairing Toner - 118 ml']),frozenset(['Resist Super-Light Daily Wrinkle Defense SPF 30 - 60 ml']),0.035544250962,0.0329354985978,0.00228265831866,0.0642201834862,1.94987737306,0.00111199069094,1.03343167307
296,frozenset(['Clear Acne Face Wash - 177 ml']),frozenset(['Clear Acne Ultra-Light Daily Mattifying Fluid SPF 30 - 60 ml']),0.0400443487902,0.013695949912,0.00254353355508,0.0635179153094,4.63771521638,0.00199508815979,1.05320119435
297,frozenset(['Clear Acne Ultra-Light Daily Mattifying Fluid SPF 30 - 60 ml']),frozenset(['Clear Acne Face Wash - 177 ml']),0.013695949912,0.0400443487902,0.00254353355508,0.185714285714,4.63771521638,0.00199508815979,1.17889290499
298,frozenset(['Clear Acne Face Wash - 177 ml']),frozenset(['Skin Balancing Invisible Finish Moisture Gel - 60 ml']),0.0400443487902,0.0336529054979,0.00260875236418,0.0651465798046,1.93583819408,0.00126114367862,1.03368835544
299,frozenset(['Skin Balancing Invisible Finish Moisture Gel - 60 ml']),frozenset(['Clear Acne Face Wash - 177 ml']),0.0336529054979,0.0400443487902,0.00260875236418,0.077519379845,1.93583819408,0.00126114367862,1.04062419333
300,frozenset(['PC4Men Nighttime Repair - 50 ml']),frozenset(['PC4Men Daytime Protect SPF 30 - 60 ml']),0.00828278875628,0.0058044740103,0.00176090784582,0.212598425197,36.6266477926,0.00171283061375,1.26262831801
301,frozenset(['PC4Men Daytime Protect SPF 30 - 60 ml']),frozenset(['PC4Men Nighttime Repair - 50 ml']),0.0058044740103,0.00828278875628,0.00176090784582,0.303370786517,36.6266477926,0.00171283061375,1.4235940613
302,frozenset(['Resist 10% Niacinamide Booster - 20 ml']),frozenset(['Resist C15 Super Booster - 20 ml']),0.0488488880193,0.0560881758299,0.00586969281941,0.120160213618,2.14234483187,0.00312984779909,1.07282239196
303,frozenset(['Resist C15 Super Booster - 20 ml']),frozenset(['Resist 10% Niacinamide Booster - 20 ml']),0.0560881758299,0.0488488880193,0.00586969281941,0.104651162791,2.14234483187,0.00312984779909,1.06232461858
304,frozenset(['Resist 10% Niacinamide Booster - 20 ml']),frozenset(['Resist Weightless Advanced Repairing Toner - 118 ml']),0.0488488880193,0.035544250962,0.0028696276006,0.0587449933244,1.65272840852,0.00113333046563,1.02464873196
305,frozenset(['Resist Weightless Advanced Repairing Toner - 118 ml']),frozenset(['Resist 10% Niacinamide Booster - 20 ml']),0.035544250962,0.0488488880193,0.0028696276006,0.0807339449541,1.65272840852,0.00113333046563,1.03468534138
306,frozenset(['Clear Acne Ultra-Light Daily Mattifying Fluid SPF 30 - 60 ml']),frozenset(['Skin Balancing Invisible Finish Moisture Gel - 60 ml']),0.013695949912,0.0336529054979,0.00110871975478,0.0809523809524,2.40550941307,0.000647811246686,1.05146575049
307,frozenset(['Skin Balancing Invisible Finish Moisture Gel - 60 ml']),frozenset(['Clear Acne Ultra-Light Daily Mattifying Fluid SPF 30 - 60 ml']),0.0336529054979,0.013695949912,0.00110871975478,0.0329457364341,2.40550941307,0.000647811246686,1.01990559087
308,frozenset(['Skin Balancing Invisible Finish Moisture Gel - 60 ml']),frozenset(['Clear Acne Regular Strength Exfoliating Treatment 2% BHA (Salicylic Acid) - 118 ml']),0.0336529054979,0.0273918998239,0.00117393856388,0.0348837209302,1.27350498339,0.000252121547699,1.00776260982
309,frozenset(['Clear Acne Regular Strength Exfoliating Treatment 2% BHA (Salicylic Acid) - 118 ml']),frozenset(['Skin Balancing Invisible Finish Moisture Gel - 60 ml']),0.0273918998239,0.0336529054979,0.00117393856388,0.0428571428571,1.27350498339,0.000252121547699,1.00961636739
310,frozenset(['Resist C15 Super Booster - 20 ml']),frozenset(['Resist Anti-Aging Eye Cream']),0.0560881758299,0.0165003587035,0.0014348138003,0.0255813953488,1.55035389282,0.000509338780084,1.00931944095
311,frozenset(['Resist Anti-Aging Eye Cream']),frozenset(['Resist C15 Super Booster - 20 ml']),0.0165003587035,0.0560881758299,0.0014348138003,0.0869565217391,1.55035389282,0.000509338780084,1.03380818838
312,frozenset(['Calm Sensitive Toner (Normal / Dry) - 118 ml']),frozenset(['Calm Sensitive Nighttime Moisturizer (Normal / Dry) - 60 ml']),0.00515228591926,0.00502184830105,0.00110871975478,0.215189873418,42.8507315469,0.00108284575649,1.26779474168
313,frozenset(['Calm Sensitive Nighttime Moisturizer (Normal / Dry) - 60 ml']),frozenset(['Calm Sensitive Toner (Normal / Dry) - 118 ml']),0.00502184830105,0.00515228591926,0.00110871975478,0.220779220779,42.8507315469,0.00108284575649,1.27672123307
314,frozenset(['Resist Whitening Essence - 30 ml']),frozenset(['Resist Perfectly Balanced Foaming Cleanser - 190 ml']),0.0193047674949,0.0304571838518,0.00156525141851,0.0810810810811,2.6621332253,0.000977282565699,1.05509071169
315,frozenset(['Resist Perfectly Balanced Foaming Cleanser - 190 ml']),frozenset(['Resist Whitening Essence - 30 ml']),0.0304571838518,0.0193047674949,0.00156525141851,0.051391862955,2.6621332253,0.000977282565699,1.03382544826
316,frozenset(['Resist Ultra-Light Super Antioxidant Concentrate Serum with Hyaluronic Acid - 30 ml']),frozenset(['Resist Anti-Aging Clear Skin Hydrator - 60 ml']),0.0121306984934,0.0296093393335,0.0014348138003,0.118279569892,3.99467102458,0.00107563183226,1.10056501759
317,frozenset(['Resist Anti-Aging Clear Skin Hydrator - 60 ml']),frozenset(['Resist Ultra-Light Super Antioxidant Concentrate Serum with Hyaluronic Acid - 30 ml']),0.0296093393335,0.0121306984934,0.0014348138003,0.0484581497797,3.99467102458,0.00107563183226,1.03817746038
318,frozenset(['Resist 10% Niacinamide Booster - 20 ml']),frozenset(['Resist Ultra-Light Super Antioxidant Concentrate Serum - 30 ml']),0.0488488880193,0.0157829518033,0.00130437618209,0.0267022696929,1.69184256695,0.000533396536837,1.01121888765
319,frozenset(['Resist Ultra-Light Super Antioxidant Concentrate Serum - 30 ml']),frozenset(['Resist 10% Niacinamide Booster - 20 ml']),0.0157829518033,0.0488488880193,0.00130437618209,0.0826446280992,1.69184256695,0.000533396536837,1.03684040135
320,frozenset(['Clear Acne Extra Strength Exfoliating Treatment 2% BHA (Salicylic Acid) - 118 ml']),frozenset(['Skin Balancing Invisible Finish Moisture Gel - 60 ml']),0.0236092088958,0.0336529054979,0.0014348138003,0.060773480663,1.80589104458,0.000640295324447,1.02887543591
321,frozenset(['Skin Balancing Invisible Finish Moisture Gel - 60 ml']),frozenset(['Clear Acne Extra Strength Exfoliating Treatment 2% BHA (Salicylic Acid) - 118 ml']),0.0336529054979,0.0236092088958,0.0014348138003,0.0426356589147,1.80589104458,0.000640295324447,1.0198737818
322,frozenset(['Clear Acne Face Wash - 177 ml']),frozenset(['Clear Acne Regular Strength Exfoliating Treatment 2% BHA (Salicylic Acid) - 118 ml']),0.0400443487902,0.0273918998239,0.00508706711015,0.127035830619,4.63771521638,0.00399017631958,1.11414435356
323,frozenset(['Clear Acne Regular Strength Exfoliating Treatment 2% BHA (Salicylic Acid) - 118 ml']),frozenset(['Clear Acne Face Wash - 177 ml']),0.0273918998239,0.0400443487902,0.00508706711015,0.185714285714,4.63771521638,0.00399017631958,1.17889290499
324,frozenset(['Resist Whitening Essence - 30 ml']),frozenset(['Radiance Renewal Whitening Mask - 50ml']),0.0193047674949,0.00932628970195,0.00169568903672,0.0878378378378,9.4183046683,0.00151564718243,1.08607191944
325,frozenset(['Radiance Renewal Whitening Mask - 50ml']),frozenset(['Resist Whitening Essence - 30 ml']),0.00932628970195,0.0193047674949,0.00169568903672,0.181818181818,9.4183046683,0.00151564718243,1.1986275064
326,frozenset(['Clear Acne Face Wash - 177 ml']),frozenset(['Clear Acne Body Spray 2% BHA (Salicylic Acid)']),0.0400443487902,0.0163047022761,0.00130437618209,0.0325732899023,1.99778501629,0.000651464997225,1.01681635152
327,frozenset(['Clear Acne Body Spray 2% BHA (Salicylic Acid)']),frozenset(['Clear Acne Face Wash - 177 ml']),0.0163047022761,0.0400443487902,0.00130437618209,0.08,1.99778501629,0.000651464997225,1.04343005566
328,frozenset(['Resist BHA 9 (Salicylic Acid) - 8.4 ml']),frozenset(['Skin Perfecting 2% BHA (Salicylic Acid) Liquid - 118 ml']),0.0220439574773,0.0895454249005,0.00215222070045,0.0976331360947,1.0903196473,0.000178285161652,1.00896277503
329,frozenset(['Skin Perfecting 2% BHA (Salicylic Acid) Liquid - 118 ml']),frozenset(['Resist BHA 9 (Salicylic Acid) - 8.4 ml']),0.0895454249005,0.0220439574773,0.00215222070045,0.0240349599417,1.0903196473,0.000178285161652,1.00204003461
330,frozenset(['Resist Super-Light Daily Wrinkle Defense SPF 30 - 60 ml']),frozenset(['Skin Balancing Invisible Finish Moisture Gel - 60 ml']),0.0329354985978,0.0336529054979,0.00130437618209,0.039603960396,1.17683628828,0.000196000960252,1.00619645922
331,frozenset(['Skin Balancing Invisible Finish Moisture Gel - 60 ml']),frozenset(['Resist Super-Light Daily Wrinkle Defense SPF 30 - 60 ml']),0.0336529054979,0.0329354985978,0.00130437618209,0.0387596899225,1.17683628828,0.000196000960252,1.00605903775
332,frozenset(['Resist 10% Niacinamide Booster - 20 ml']),frozenset(['Clinical 1% Retinol Treatment - 30 ml']),0.0488488880193,0.0234787712776,0.00202178308224,0.041388518024,1.76280596351,0.000874871213269,1.01868300879
333,frozenset(['Clinical 1% Retinol Treatment - 30 ml']),frozenset(['Resist 10% Niacinamide Booster - 20 ml']),0.0234787712776,0.0488488880193,0.00202178308224,0.0861111111111,1.76280596351,0.000874871213269,1.04077325323
334,frozenset(['Resist Perfectly Balanced Foaming Cleanser - 190 ml']),frozenset(['Resist Daily Pore-Refining Treatment 2% BHA (Salicylic Acid) - 88 ml']),0.0304571838518,0.0525011413292,0.00371747211896,0.122055674518,2.32481945017,0.00211843520507,1.07922430975
335,frozenset(['Resist Daily Pore-Refining Treatment 2% BHA (Salicylic Acid) - 88 ml']),frozenset(['Resist Perfectly Balanced Foaming Cleanser - 190 ml']),0.0525011413292,0.0304571838518,0.00371747211896,0.0708074534161,2.32481945017,0.00211843520507,1.04342508957
336,frozenset(['Resist Super-Light Daily Wrinkle Defense SPF 30 - 60 ml']),frozenset(['Clinical 1% Retinol Treatment - 30 ml']),0.0329354985978,0.0234787712776,0.00104350094567,0.0316831683168,1.34943894389,0.00027021590718,1.00847284357
337,frozenset(['Clinical 1% Retinol Treatment - 30 ml']),frozenset(['Resist Super-Light Daily Wrinkle Defense SPF 30 - 60 ml']),0.0234787712776,0.0329354985978,0.00104350094567,0.0444444444444,1.34943894389,0.00027021590718,1.01204424565
338,frozenset(['Resist C15 Super Booster - 20 ml']),frozenset(['Clinical 1% Retinol Treatment - 30 ml']),0.0560881758299,0.0234787712776,0.00202178308224,0.0360465116279,1.53528100775,0.000704901630551,1.0130377041
339,frozenset(['Clinical 1% Retinol Treatment - 30 ml']),frozenset(['Resist C15 Super Booster - 20 ml']),0.0234787712776,0.0560881758299,0.00202178308224,0.0861111111111,1.53528100775,0.000704901630551,1.03285184408
340,frozenset(['Resist C15 Super Booster - 20 ml']),frozenset(['Skin Balancing Pore-Reducing Toner - 190 ml']),0.0560881758299,0.0485227939738,0.00273918998239,0.0488372093023,1.00647974494,1.7634982231e-05,1.0003305589
341,frozenset(['Skin Balancing Pore-Reducing Toner - 190 ml']),frozenset(['Resist C15 Super Booster - 20 ml']),0.0485227939738,0.0560881758299,0.00273918998239,0.0564516129032,1.00647974494,1.7634982231e-05,1.00038518117
342,frozenset(['Resist Super-Light Daily Wrinkle Defense SPF 30 - 60 ml']),frozenset(['Skin Balancing Pore-Reducing Toner - 190 ml']),0.0329354985978,0.0485227939738,0.00176090784582,0.0534653465347,1.10186042798,0.000162785432938,1.0052217344
343,frozenset(['Skin Balancing Pore-Reducing Toner - 190 ml']),frozenset(['Resist Super-Light Daily Wrinkle Defense SPF 30 - 60 ml']),0.0485227939738,0.0329354985978,0.00176090784582,0.0362903225806,1.10186042798,0.000162785432938,1.00348115627
344,frozenset(['Resist 10% Niacinamide Booster - 20 ml']),frozenset(['Resist Whitening Essence - 30 ml']),0.0488488880193,0.0193047674949,0.00332615926433,0.068090787717,3.52714881103,0.00238314283873,1.05235061482
345,frozenset(['Resist Whitening Essence - 30 ml']),frozenset(['Resist 10% Niacinamide Booster - 20 ml']),0.0193047674949,0.0488488880193,0.00332615926433,0.172297297297,3.52714881103,0.00238314283873,1.14914583325
346,frozenset(['Resist Daily Pore-Refining Treatment 2% BHA (Salicylic Acid) - 30 ml']),frozenset(['Resist Anti-Aging Clear Skin Hydrator - 60 ml']),0.0198265179678,0.0296093393335,0.00104350094567,0.0526315789474,1.77753303965,0.000456450847364,1.02430125293
347,frozenset(['Resist Anti-Aging Clear Skin Hydrator - 60 ml']),frozenset(['Resist Daily Pore-Refining Treatment 2% BHA (Salicylic Acid) - 30 ml']),0.0296093393335,0.0198265179678,0.00104350094567,0.0352422907489,1.77753303965,0.000456450847364,1.01597890603
348,frozenset(['PC4Men Nighttime Repair - 50 ml']),frozenset(['PC4Men Soothe + Smooth Treatment 2% BHA (Salicylic Acid) - 88 ml']),0.00828278875628,0.00671753733777,0.0013695949912,0.165354330709,24.6153199297,0.00131395504846,1.19006483734
349,frozenset(['PC4Men Soothe + Smooth Treatment 2% BHA (Salicylic Acid) - 88 ml']),frozenset(['PC4Men Nighttime Repair - 50 ml']),0.00671753733777,0.00828278875628,0.0013695949912,0.203883495146,24.6153199297,0.00131395504846,1.24569357022
350,frozenset(['Resist Weightless Advanced Repairing Toner - 118 ml']),frozenset(['Resist Youth-Extending Daily Hydrating Fluid SPF 50 - 60 ml']),0.035544250962,0.0197612991587,0.00208700189135,0.0587155963303,2.97124171133,0.00138460131471,1.04138419485
351,frozenset(['Resist Youth-Extending Daily Hydrating Fluid SPF 50 - 60 ml']),frozenset(['Resist Weightless Advanced Repairing Toner - 118 ml']),0.0197612991587,0.035544250962,0.00208700189135,0.105610561056,2.97124171133,0.00138460131471,1.07833982273
352,frozenset(['Resist Ultra-Light Super Antioxidant Concentrate Serum - 30 ml']),frozenset(['Skin Balancing Invisible Finish Moisture Gel - 60 ml']),0.0157829518033,0.0336529054979,0.00123915737299,0.0785123966942,2.33300499712,0.000708015187471,1.04868160031
353,frozenset(['Skin Balancing Invisible Finish Moisture Gel - 60 ml']),frozenset(['Resist Ultra-Light Super Antioxidant Concentrate Serum - 30 ml']),0.0336529054979,0.0157829518033,0.00123915737299,0.0368217054264,2.33300499712,0.000708015187471,1.02184305205
354,frozenset(['Resist Super Antioxidant Concentrate Serum - 30 ml']),frozenset(['Resist Advanced Replenishing Toner - 118 ml']),0.00958716493837,0.0181308289311,0.00104350094567,0.108843537415,6.00323006901,0.000869677698241,1.10179212326
355,frozenset(['Resist Advanced Replenishing Toner - 118 ml']),frozenset(['Resist Super Antioxidant Concentrate Serum - 30 ml']),0.0181308289311,0.00958716493837,0.00104350094567,0.0575539568345,6.00323006901,0.000869677698241,1.05089606163
356,frozenset(['Resist Anti-Aging Clear Skin Hydrator - 60 ml']),frozenset(['Skin Perfecting 2% BHA (Salicylic Acid) Gel - 100 ml']),0.0296093393335,0.022435270332,0.00104350094567,0.0352422907489,1.57084315132,0.000379207413376,1.01327485678
357,frozenset(['Skin Perfecting 2% BHA (Salicylic Acid) Gel - 100 ml']),frozenset(['Resist Anti-Aging Clear Skin Hydrator - 60 ml']),0.022435270332,0.0296093393335,0.00104350094567,0.046511627907,1.57084315132,0.000379207413376,1.01772679046
358,frozenset(['Resist 10% Niacinamide Booster - 20 ml']),frozenset(['Resist Daily Pore-Refining Treatment 2% BHA (Salicylic Acid) - 30 ml']),0.0488488880193,0.0198265179678,0.00176090784582,0.0360480640854,1.81817423231,0.000792404489802,1.01682816903
359,frozenset(['Resist Daily Pore-Refining Treatment 2% BHA (Salicylic Acid) - 30 ml']),frozenset(['Resist 10% Niacinamide Booster - 20 ml']),0.0198265179678,0.0488488880193,0.00176090784582,0.0888157894737,1.81817423231,0.000792404489802,1.04386259221
360,frozenset(['Resist 10% Niacinamide Booster - 20 ml']),frozenset(['Resist Perfectly Balanced Foaming Cleanser - 190 ml']),0.0488488880193,0.0304571838518,0.00215222070045,0.0440587449933,1.44657973658,0.000664421137089,1.01422844874
361,frozenset(['Resist Perfectly Balanced Foaming Cleanser - 190 ml']),frozenset(['Resist 10% Niacinamide Booster - 20 ml']),0.0304571838518,0.0488488880193,0.00215222070045,0.0706638115632,1.44657973658,0.000664421137089,1.02347366197
362,frozenset(['Resist Super-Light Daily Wrinkle Defense SPF 30 - 60 ml']),frozenset(['Resist Perfectly Balanced Foaming Cleanser - 190 ml']),0.0329354985978,0.0304571838518,0.00254353355508,0.0772277227723,2.53561600271,0.00154041101903,1.05068481149
363,frozenset(['Resist Perfectly Balanced Foaming Cleanser - 190 ml']),frozenset(['Resist Super-Light Daily Wrinkle Defense SPF 30 - 60 ml']),0.0304571838518,0.0329354985978,0.00254353355508,0.0835117773019,2.53561600271,0.00154041101903,1.05518486485
